;coefHML;coefSML;coeffundflows;coefrmrf;const;pvalorHML;pvalorSML;pvalorconst;pvalorfundflows;pvalorrmrf;r2
MSFT;-0,004846957008761995;-0,0054097592872133695;0,00192352651253469;0,010041797443409845;0,0019341728352330941;4,489465302302321e-25;3,4889518094611755e-13;0,06341960867147242;0,9802248155804218;2,6128930403843492e-79;0,7312718828502749
AAPL;-0,0035326052573966104;-0,0048708504979358;-0,158209054859624;0,011359757694135105;0,0022128483515326605;1,4501451829922718e-08;2,136012380460631e-06;0,13360793674716082;0,15094836825506774;3,5126827784395983e-60;0,606549026664112
NVDA;-0,008235643308375399;0,0006013495800175466;0,060017553123441564;0,01546956203861742;0,0031597143013642756;6,374415632369969e-15;0,7186732068063996;0,1952784964064904;0,7415435682261191;2,888959720779124e-46;0,5646684441509116
AMZN;-0,0076218914216656195;-0,0010432851042086824;-0,008967392568027949;0,010095349601513905;0,0001921700397255245;1,0432196382201941e-22;0,381560952227571;0,9120205138378452;0,9449610911796831;1,0644490527593127e-40;0,550860739617745
META;-0,004646306939931254;0,0002824895808381132;-0,45698090309744305;0,01139530755391317;0,00029020004121878046;1,4630675617035481e-05;0,8720693487846853;0,9097652328843304;0,017376740204466137;3,0214551621585883e-27;0,3605191907711759
GOOGL;-0,0033505126923475863;-0,0024425012055466445;0,026951340445331762;0,01034824196660026;0,0002402778210088991;4,838799714053972e-07;0,02477708467174425;0,8792535910751187;0,8195275103119475;3,025833296299566e-48;0,5384846837741508
GOOG;-0,0034615814203819307;-0,00249247729176566;0,03659187119791185;0,010331485398202535;0,0002669198202963029;2,466406233774221e-07;0,022863185119028188;0,8668449342499085;0,7582736525035542;1,0521137296520353e-47;0,5360518747660998
LLY;-0,0024871906211884408;-0,0049152537364185196;0,07398270412370078;0,006317267798114113;0,004083058022252683;0,0035598044641403583;0,0005472173572376531;0,047692253843315824;0,6299165015547659;4,875430299535502e-15;0,21584450563426016
AVGO;-0,0009010010607618324;-0,0008668935505964241;-0,006982871752567565;0,01116725031036975;0,001853966034991536;0,2734867986985169;0,5257907503988644;0,3527721049003508;0,962596977610676;1,2387077425383494e-38;0,4492392417028279
JPM;0,00781010425650382;-0,0004776374604614493;0,2686178725232645;0,01062586559776781;-0,0014423622168536464;8,48463223897015e-46;0,5341673579719349;0,1988640076675272;0,0014644167989646187;1,557130782624807e-77;0,7773102727625166
TSLA;-0,0060233431827077235;0,004273768834824227;0,13162602058831863;0,017044643924874155;0,003627669850052393;0,0004870965036844507;0,1332735204525383;0,38205173541836124;0,6709286226538015;4,918296098867118e-24;0,34613524316048494
XOM;0,009563570056929108;0,0005366563754807504;-0,11622995957085491;0,008885740372373266;-0,0010697810343307166;1,0060134881785185e-31;0,6567182844912856;0,5439197115382189;0,3774573761304889;5,0261942078600735e-33;0,5533578700379528
V;0,00012710844016632978;-0,0017729534511441666;0,012580244027524584;0,009869370564942758;7,242112473788672e-05;0,8036604318965503;0,03756892560434874;0,9534293090231958;0,8919533519043819;1,2273728290777505e-62;0,617988920689878
UNH;0,000933474384581499;-0,0058884048858790766;0,16321561915948346;0,009514782370425828;-0,00011771504578634033;0,20591405805027382;2,3509071762785553e-06;0,9475004617537434;0,2221032497775778;8,058639370864146e-36;0,4298538970714081
MA;0,0005549187516911296;-0,0021639133617955206;-0,11280700452285958;0,011523959478973158;0,0006956411115888932;0,34966125297378514;0,028694618703363622;0,6286639689850628;0,29403477385200866;3,51146615283453e-63;0,6158322747818517
PG;-0,0010999366641676076;-0,005561325075957895;-0,04871934799255568;0,006173261134484355;-0,00015130912398483138;0,029227167952681658;1,2250683281789285e-10;0,9012069905293854;0,592603660969057;3,0218744196158337e-33;0,40401338103885875
JNJ;0,00011624142023865323;-0,0037898184533690484;0,0040410034009762535;0,005540809281290438;-0,0012635726836782097;0,8231578613978989;1,572100912148343e-05;0,3169363567495428;0,9657900055353124;1,0890957571944672e-26;0,32864844269997107
HD;-0,00025298176576216244;-0,0010680875095214135;0,10430823822048307;0,011076622594878672;-0,0010185342399855733;0,6990570231945412;0,3263200095176675;0,5211630019280831;0,3791531242289671;1,0367536336565817e-52;0,5629899691212703
MRK;0,0008112735116642969;-0,0035278774660616116;0,00920931472915773;0,004262202336067311;0,0009255155364025063;0,22420517287917963;0,0015857133042295735;0,5671974186919494;0,9392173494914748;1,042900008149115e-11;0,15771770410314934
COST;-0,0027483126016245103;-0,0035274736025991404;0,1483130744410237;0,007396114919662974;0,001622220793934611;6,586136598015787e-06;0,0004585152916857947;0,26529125505820067;0,1728860656983862;1,942432535997291e-33;0,4261315388486534
ABBV;0,000941364373702698;-0,005516115237639252;0,34225573136780185;0,007545050466249687;-0,001437796955049124;0,21188007915416493;1,4234866869244972e-05;0,4314507719737052;0,012560167873592034;3,1502021833605408e-24;0,3386486705857874
CRM;-0,006027368425146406;0,0015326327841554727;-0,17678623596111365;0,012254242358980443;0,00022528121341330377;1,383839218002926e-12;0,25890065195972706;0,9093884851249671;0,23229996664679647;1,214024073682336e-44;0,5449287321426203
CVX;0,008777300826992233;-0,0018135324722524655;-0,011856238145161513;0,009888592878190054;-0,0015707450079696056;1,957616359667588e-27;0,13698583179030097;0,37698940321789176;0,9288081882062278;2,8510877215836855e-38;0,5590469112443632
AMD;-0,0060900122143424254;0,0008049381607943804;-0,14791102266694459;0,01562643111170929;0,004671348048617035;3,4902425516056835e-06;0,707246220564249;0,13605576234809474;0,526790403812345;1,4694647296210219e-32;0,4208119370155834
NFLX;-0,00811021164901543;0,0007941421844866452;0,09210998191084566;0,011297605917460046;-0,0004776467086111281;5,400397356018933e-11;0,6888426956371796;0,8689293357782722;0,670082276119815;3,8515384335258222e-22;0,36088380243286544
BAC;0,009686189453354494;0,0012037775217599135;0,289509278476162;0,0118461489046701;-0,002748507540520506;1,379065465560564e-51;0,16914935267384615;0,031874085424886046;0,002565268370155267;1,1209204092504463e-75;0,784609098043745
WMT;-0,0014350385883441005;-0,004604352707765265;0,12476800295526164;0,0049760585965154735;-0,000380597351095956;0,023929762539072072;1,616457181959416e-05;0,8041808314407118;0,2768989312179373;2,1029802073185964e-16;0,23863817922107766
PEP;3,408704918642205e-05;-0,006631326874865523;-0,043713425324981126;0,007086118180068134;-0,0007020163159484048;0,9433244190640386;2,7303872155788723e-15;0,546213410005888;0,6148477692391932;1,2153214084159684e-43;0,4939733251263362
KO;0,002789212450259728;-0,004783425399319101;-0,037837954539759355;0,007820693601752464;-0,0010803328098413457;1,2663587296978005e-07;5,180308618991574e-08;0,38826684097168374;0,6856281109331712;3,0465373378058734e-45;0,5178209628147163
LIN;0,0020978889689396724;-0,0017957820912102309;0,09746433949381575;0,009474205271512569;0,0005030967763064559;0,00012334407274726942;0,0460181650309094;0,7008651563908824;0,31935363047869353;2,5488542407850413e-55;0,5870485849417721
TMO;-0,0032351582542667293;-0,00138903311063205;0,18349380792505998;0,008236148713832775;0,0004546489333370936;2,565027824343537e-07;0,1742504983146925;0,7602835651480976;0,09991173652869122;6,868702712260064e-38;0,476833443704752
ADBE;-0,0069193194571538046;-0,003140584371380382;-0,17123659578383388;0,012003993144774558;0,0010210102268064874;1,5699572767921344e-19;0,008582834689384115;0,5561776715978978;0,1868021279760467;4,057941069473248e-52;0,5946335573826751
DIS;0,0019330017380742924;0,0006525071515018397;-0,07384251220314336;0,010499842999964435;-0,0029193601508865153;0,0036545015618694786;0,5522868236670266;0,06915985760012536;0,5372525003679671;2,320083010796336e-48;0,5387689222131602
ACN;-0,0011328728356927815;-0,00011273048535454151;0,18493162198320273;0,010328788664107197;-0,00039224415377702414;0,02894931952892367;0,8955383556085748;0,7543024261596932;0,04888017255253616;1,8107269512099183e-65;0,65348908692318
WFC;0,010634089545027849;0,0019925976814727867;0,21379873794508705;0,01112032643619821;-0,003477542938318724;4,951461055040064e-41;0,07843647707160631;0,03556293100929221;0,08322757204373404;2,53868522761682e-50;0,6823822467457129
ORCL;-0,00032062151300274835;-0,005327539166935586;-0,039727431689674936;0,008609184540284972;0,0003349814279501142;0,634316491877749;2,973461680576731e-06;0,8376381465216493;0,7448944709614291;2,916770817485258e-35;0,4080033648724919
CSCO;-0,0003588735840667621;-0,002080292227710805;0,2970963101848137;0,007867663726632968;-0,0019536792589521373;0,5781688729684328;0,05307911607469373;0,21249060636121855;0,01145343924796987;7,134883651437269e-33;0,41696549878233624
MCD;0,001392366545070587;-0,002160119188198299;0,049561956571309906;0,007392585437023608;-0,00027505142782583987;0,005955160362811279;0,010181484812918466;0,8216972278069085;0,5867017854574255;2,8082797308385284e-43;0,49122271629918857
QCOM;-0,0011520097244499684;-0,0002657110420408119;-0,11324062124590985;0,011626981573077112;-1,5750371828725067e-05;0,2615561417861561;0,8760419895139657;0,9949455401003617;0,5420899527374359;1,9938418767601292e-29;0,36179158726656013
ABT;-0,0027223194925013014;-0,0036978313505955742;0,1784392310943678;0,008169041462455742;-0,0006403964463322284;2,2424212330916325e-05;0,0004978540820153018;0,676549202924969;0,1202835244694242;8,044403294608574e-36;0,4457110383151748
CAT;0,006482678921057521;0,0027528652994729215;0,315417753523375;0,009479766073507197;-0,0008217291300748542;3,8826706878960036e-16;0,0285403835446256;0,6530727531637992;0,02141265783998072;1,8510985628537382e-34;0,5240011797188764
INTU;-0,005157372844630999;-0,003782010570372942;-0,06727237494727989;0,013440623626828446;0,0010724437430802648;1,2818745137012964e-15;0,00023330801703834542;0,46995086066964487;0,5438801341767584;1,65874472694159e-73;0,6928672167795037
AMAT;-0,0015569053144529688;0,0013375125684576385;0,022467216311174876;0,015675004482356536;-0,000147182245105261;0,10131033820623168;0,39619696539024896;0,9489698242431301;0,8959258798441698;4,823129968466021e-51;0,5590421793610889
IBM;0,0033296184692379214;-0,0009186939520073347;0,07606088480672751;0,008271176753191018;-0,0019653309186299373;2,7029428513459835e-07;0,3831242201507117;0,2014844536786706;0,507617652544053;1,9812626694129067e-36;0,462386900575125
VZ;0,0020125409033796425;-0,0027406609942004848;0,2644407820726392;0,0039773653023098664;-0,002859690649321682;0,0005719435782995956;0,004630194599465299;0,04228393196032021;0,012077246895657853;3,5597049465322663e-13;0,23273770697325524
GE;0,007940511907849395;0,003273347077553313;0,04197229298826721;0,010487851237906878;-0,0017968067331991233;9,618799627369293e-14;0,05385301329903186;0,46725548832392805;0,8200669075538748;2,677653268616301e-25;0,42303211754499526
CMCSA;0,0024390213286186067;-0,0009212625845218505;0,1751150453827307;0,007947172490574157;-0,0021239474735487126;0,0001405680201615191;0,3814933425697705;0,16728032425726294;0,12750268513647747;2,3898626214635635e-34;0,4400728322163989
NOW;-0,008100254551787997;0,0017577417043459454;-0,4089147053150799;0,012097277403205075;0,0031942566947855792;2,3000269921920276e-20;0,19529041417225168;0,10714161892689754;0,00595084654153253;7,270136225080852e-44;0,5665308147606656
INTC;2,462857624444502e-06;-0,0012949236529413684;0,1767214817754601;0,010264587259738441;-0,0025362137431750474;0,9978601853859922;0,39641547081879047;0,25537514235558934;0,2885521066322877;9,168612244131453e-29;0,36344731653705564
DHR;-0,0032370758295756866;-0,0020710101882471825;0,07052038976307688;0,008905971560986181;0,0007316097740217866;2,4246913806752094e-07;0,04285383826051267;0,6229525803758242;0,5257663929608247;1,491207007047832e-42;0,5017825903581455
COP;0,01093920940919053;0,002221493092788935;-0,0528252682388996;0,009788289382369985;0,0005118997334381875;7,99828762421668e-24;0,18129197846196088;0,8326246891525217;0,7702859516161247;2,1095002718396132e-23;0,46062028550213185
UBER;-0,0019658609441095547;0,01106251059116411;-0,2721299743367503;0,011986643940505404;-0,0007232788528502604;0,11230708182084478;1,3877566413966104e-07;0,8092887323673343;0,22458418118738302;5,0574772078648175e-23;0,38199366782661637
TXN;-0,0002950974553732693;0,001617384025128298;0,17229608860242887;0,008871185286456957;-0,0011312169999568552;0,61270617316761;0,0956799182040313;0,42384546739508955;0,10345101913810344;1,66264153975792e-45;0,5352445706217765
PFE;-0,00019266791475933142;-0,002670308479061684;0,11968745402520342;0,006306836390738606;-0,0026262914558467807;0,7928832356168016;0,0291442280992307;0,14073869984939238;0,36819889934611083;5,932313548006225e-19;0,24807166826173976
UNP;0,003272571108099433;0,00017809604115144725;0,05267437443959036;0,00940017837521558;-0,00042004151522636137;6,96584315252861e-08;0,8564864908502585;0,7701291508831236;0,6237246571541117;3,248473685373131e-48;0,5567642282224325
AMGN;-0,0008255654553432845;-0,003301931418236176;0,26945379194577945;0,006286836834514365;-0,0009011640375808416;0,2288362532081214;0,003975167816488377;0,5877815372602715;0,030587398252168364;4,70810678009457e-21;0,2924273140383008
PM;0,0017016435026419212;-0,004658754931490483;-0,11086298270016558;0,008645045514378875;-0,0022255730089332368;0,029385748499908944;0,0003632996166410472;0,23888748213683125;0,431842900571644;1,7094471004701707e-28;0,34527106837644916
LOW;-0,0002974974823381708;-0,0011772805185017387;0,10189830308961778;0,01278003655681209;-0,0005109150193322507;0,7141237635997266;0,3832599596548042;0,795341166784481;0,48866530962493915;1,0878789245555512e-47;0,5261180015855895
SPGI;-0,001633228940914886;-0,0027363586519858103;-0,045372861050781074;0,01048364370132436;0,00043694206183716154;0,0027893999466113537;0,0025760433038682145;0,7397534195269209;0,6442076224320021;9,296037056052437e-63;0,6166810137927167
ISRG;-0,0029592162836321193;0,0006087810793621791;0,13282689288457658;0,013248263422863879;-0,00032805116455217375;5,601859117530844e-05;0,6133122187417347;0,8519759371080582;0,31210831357239516;2,2487409061787296e-58;0,6160271639168804
MU;0,0014641669770799688;0,0034811707686109635;0,06206246301933832;0,012731510792601278;-0,0009771134018540858;0,18155260129448036;0,05631718595533535;0,7128234480030984;0,7542550530615251;1,3467430545462141e-30;0,4033906334953138
RTX;0,0076984177619173364;0,001000661926529717;0,10376244439545182;0,010878645493393372;-0,002465115777032492;5,475904306079103e-26;0,3655873592997685;0,12722515247822533;0,38941559408884874;2,6829463681795406e-50;0,6311518656588806
GS;0,00656309661430291;0,0009537788412722886;-0,031297034320157124;0,012831857082530087;-0,0013145418232345541;1,0504330065097508e-26;0,30345299800505504;0,33116715098866867;0,756562972544605;1,1111733835016737e-77;0,7426114106339465
NEE;-0,0007361530649416375;-0,0015555440845954633;-0,030371448788787114;0,00790945363055685;-0,00045725554116672027;0,33802781065628207;0,22333751820438422;0,8060584720946635;0,8271559351092306;2,562813100548178e-25;0,3133056957669278
HON;0,004682058982973544;-0,0013671592507703248;0,08418643014547629;0,010478568032722593;-0,001463504130758249;4,499318894398131e-19;0,09455880556970829;0,21968151523546617;0,3442391949074328;5,763486565663713e-71;0,7007921428008301
ETN;0,00469251447447986;0,00013815689245178753;0,1349011899364499;0,010775789831882421;0,0007709448854277762;1,4970551420838778e-15;0,8815597186545907;0,5690447075733212;0,18265514904974242;1,1478368555648722e-62;0,6640893494243293
AXP;0,007205184018531467;0,0003303248914099914;0,10542098730014646;0,013713017907839995;-0,0011527680452891654;1,0276967371753939e-23;0,7631599445852936;0,4714031749441837;0,37794819349496633;9,968366992724748e-69;0,7054667612394796
LRCX;-0,0018195219239328943;-0,00025151210337489194;0,03106474874550763;0,017038531436052485;0,0004534993533387116;0,07799389287072692;0,8831525038227388;0,8559316158591397;0,8677468127545969;4,2543914045450146e-51;0,5532005956367125
BKNG;0,003014926620085996;0,0031405504349610353;-0,05497076940894882;0,011903386685510099;-0,00034073591850553237;0,0001810425644204383;0,018115728817908426;0,8599328422414546;0,7030983539177361;2,246450517616878e-44;0,5305930864481694
PGR;0,0010455594757168881;-0,007000439261663466;0,048833933420861536;0,006771673992819334;0,0013988397793621647;0,1303110356781603;2,983504350692255e-09;0,40340950361854444;0,6959911496336015;1,8610866474447745e-23;0,31848536522886217
T;0,004601728719875162;-0,002202378186997472;-0,04119375121372895;0,0070262396153573;-0,0033024622546644028;4,0465609754001125e-12;0,038342093279153944;0,03339272962631041;0,7214074690787625;3,9162985140140953e-28;0,4072261429686632
ELV;0,002650923497806408;-0,005563970740132499;-0,014591586611965579;0,010283960331043913;-0,00020503640511471024;0,0025739951016132863;0,00015006136029763024;0,9228530378357432;0,9264775037718502;3,400209611143615e-31;0,3831364203434464
SYK;0,0006503387170938989;0,0005616462092445768;0,0316561867303215;0,011188231229352662;-0,0006952963116703026;0,27809890010781874;0,5727121200166014;0,632342766869732;0,7705208495389535;4,926960715921033e-60;0,6157892151848395
C;0,010186265649599586;0,0013225556823860045;-0,029961746946550294;0,01337322780185305;-0,0038317766751228347;4,00643082260492e-47;0,17851180176358578;0,00783855119583115;0,7794941068308338;3,739005428691243e-76;0,7699595622980622
MS;0,006319407340413157;0,0012073844361199912;0,19955609109371064;0,012241267230436425;-0,0012709393377209003;4,376955483913967e-22;0,2302818385369234;0,3866988728019165;0,06936081235616007;1,8153494205073618e-66;0,7006358322697817
PLD;8,937884079890932e-05;-0,001995815027489786;-0,11373511846656689;0,0117736884980829;-0,0001053311387822645;0,8952617132056877;0,07763778670848646;0,9489995642316195;0,3554178190479578;1,8919977453176624e-54;0,5608926803772153
BLK;0,0006436903521046284;-0,0003117433864995539;0,284151053343488;0,01276672641194844;-0,002234917585694778;0,2385439847818723;0,7309529995227546;0,09196316109606825;0,004286471305457937;3,694194452383972e-79;0,7223365091408926
MDT;0,0015472835128882896;0,0007090307232695885;0,011603917910614797;0,00881081238321627;-0,0022366057958533242;0,009052401372098654;0,4694034056613017;0,11851801168144041;0,913475798487434;2,4092446405742584e-44;0,5129488153338937
TJX;0,0034447098268840944;0,0006959651881950075;0,061870498159423415;0,01103159178545448;0,0002336957138842949;2,1015631307765283e-06;0,557011818425005;0,8925013514208391;0,6319598202955057;1,4266729508533213e-46;0,5431583428997385
NKE;-5,5413176592249754e-05;-0,0003143942160428391;-0,25155174851145345;0,010895754860013597;-0,00029227550832825475;0,9408106489786607;0,7998841279193111;0,8717327948496318;0,0635314204558884;6,899282277061659e-43;0,4774446184975706
UPS;2,886406454184027e-05;-0,0015204588405010235;0,1588180928441118;0,009185460765289295;-0,0019804768831213544;0,9703325393254043;0,23895737925187813;0,293209924472937;0,25912792495264914;2,0570374809718253e-31;0,38881962640752277
SCHW;0,007825628605329177;0,0030265307313091083;0,3174596753036343;0,01022252969762247;-0,0019538375046740204;2,865133022983945e-16;0,04489962245545302;0,37379925498189115;0,05357578947644803;3,1304836997573554e-29;0,4829058279353954
DE;0,005605568502923208;9,480628814218829e-05;0,15072213185800803;0,011468654080151571;8,169126016287893e-05;9,153524880209046e-12;0,9425063374100378;0,9660406271457707;0,2933406633787354;1,8541219200064226e-42;0,5348131873049191
CI;0,0033342995886642634;-0,0028282837644589866;0,16799450957618084;0,009075550928712903;-0,001425549230210654;0,0001137494168360998;0,046848932251342255;0,49125190511990713;0,2777108841978368;1,3044982372798062e-26;0,35963231864915024
BA;0,010087673385251895;0,002653835275374483;-0,28315317273445956;0,018629482228446365;-0,0035840018161263617;8,887912319495278e-15;0,19755112365361435;0,23308690538851504;0,20722125062015515;8,591819096644107e-45;0,5560471752942153
VRTX;-0,0036979325821324053;-0,0031510817413431093;0,2389609331766274;0,006196307348444733;0,0006701534921287513;1,1172634097059962e-05;0,022670271851938772;0,7388089468497043;0,11210440933988972;4,071346692725605e-15;0,24671664359389656
BMY;8,456580221573133e-05;-0,0014198513003308908;0,1071684705152981;0,005662048990158945;-0,0024055600357577446;0,9021596433949658;0,2147778236289321;0,1500684956462954;0,3900727024702474;1,142490025819674e-17;0,23425077766754754
CB;0,00623051906310408;-0,0027451695675631683;0,09627995717818733;0,008681824373838617;-0,0007517014128216331;3,1734753690434365e-24;0,0035567030430882552;0,5819560358873597;0,3453268884264118;2,2544282010161603e-46;0,5938425047613423
ADP;0,0015339084725213995;-0,0029225347856656663;0,005045344812436181;0,010264451783139427;-0,00030294633331189697;0,007368431805475403;0,0021635187619119104;0,8262856315949916;0,9609657229825549;2,2996132004790102e-57;0,5865014042084755
MMC;0,0008867978235073697;-0,003261021569747534;-0,05936459004864131;0,009432809083574027;0,0004694102215042654;0,06226754753824253;4,477980713579048e-05;0,6833002919970527;0,48978984685370075;4,837831081118415e-65;0,6255790510380983
BSX;0,0008756543262020233;-0,0004311225568757657;-0,11752931948952847;0,010455428966099627;0,0003756719969911799;0,15774040357416774;0,675087484659513;0,8023827250175939;0,2948873805037166;1,4322587094229173e-52;0,5553182148471332
REGN;-0,00426171642156695;-0,001826940125230209;-0,2541304328330837;0,006761476620521987;0,001308664018451961;7,126264198773117e-06;0,2395026443858171;0,563447961365162;0,1336602649291869;2,4044991169056204e-14;0,21828566133139782
SBUX;0,0009217245488902569;-0,0019469155830041383;-0,18314201918813117;0,009956491367173815;-0,0004347239728939192;0,17235430376561034;0,08309369802018052;0,7904370039349462;0,1345605760556287;1,408563387961315e-43;0,47791995569028145
ADI;-0,00028440230859805575;0,0027880066870602438;0,051954572011220945;0,010309137595653543;-6,042955524235695e-05;0,6518077570077774;0,008114856728569098;0,9684631122257317;0,6490720961349359;2,591275397259611e-50;0,5695971738694043
LMT;0,003186472665553595;-0,005271946637684034;-0,12116739692382497;0,007851256383163578;-0,0006511807344144225;2,253405514783055e-06;2,486340228299505e-06;0,6849118429086642;0,31237673202785116;1,5120634067872363e-31;0,40027150311671367
FI;0,0022029700297203337;-0,0020393976917112743;-0,08898443645690238;0,009593516281027841;0,00011390824170478186;0,0003555402231136523;0,04510418859671501;0,9386845466757581;0,4212888976920939;1,37378703538883e-47;0,5212542027959084
KLAC;-0,0022650710802156423;0,0011292380287935512;0,06447456351644038;0,014001985533462501;0,0019131601730633437;0,014531092047104443;0,46146428589609;0,39274290803046263;0,6996196577419405;2,448994391729329e-45;0,5206993025606199
CVS;0,002736693527324733;-0,0018429290282417007;0,3295371246795418;0,00832842754746893;-0,002770650925436825;0,0007429693566007007;0,16832458892074256;0,15596544095281517;0,02420911549058592;1,4995126337022848e-25;0,361096462579113
BX;-0,00015161767410156292;0,0034515439315075166;0,0455086584212816;0,014065067583154716;0,001150396332834518;0,8587829403411522;0,015275615042270856;0,5779107881948868;0,7681556432566199;6,28204715037283e-51;0,570695619839483
MDLZ;0,000532259117990391;-0,004642963402060661;-0,016835990094625303;0,006869056131893832;-0,00015447154310885888;0,31457627108685005;2,356844968893923e-07;0,9041464256684206;0,8604988839557404;3,766966131197579e-36;0,4205207158932479
AMT;-0,0015116521484947365;-0,0037368743050744946;0,07861514534349391;0,008509111989907862;-0,0010477747376472662;0,03723364959795531;0,002029771028919304;0,5503529738080175;0,548510277462992;3,8633210972895e-31;0,37965389725868437
SNPS;-0,006581153646898427;-0,002194527282582457;-0,003709112854980115;0,011379923965947785;0,0026639967422547885;6,248072050077985e-23;0,032509293115328144;0,07504137755544966;0,9734565153096681;2,8678194996209316e-59;0,6470921781774184
GILD;-0,0004174183362288381;-0,001496019540568916;-0,010822756982286075;0,004650528711085417;-0,0010698879262227119;0,5930778131079233;0,24951115738268015;0,5723016750024028;0,9390203250398224;1,9557872300785096e-10;0,1309646240257928
PANW;-0,004951587740135508;0,0014481992738379014;-0,15122526714163914;0,010402347884358525;0,003349703577403735;6,199096788415674e-07;0,3708711012743158;0,1565951264104701;0,3913277628603813;7,935805557564534e-27;0,37631807960008323
CDNS;-0,006620336274140341;-0,0019337223803453656;-0,017255851067407013;0,01092338048853703;0,003007796309121114;5,648026127472294e-21;0,07616310609953979;0,05887286769311341;0,8842858945263619;1,0520854503350073e-51;0,6036211368585812
TMUS;-0,0005937376835056851;-0,0015630633047520317;0,19130029324008174;0,007322735771875487;0,000541298709744749;0,36625297730862505;0,15274022711795493;0,7340148040099435;0,10856739672438204;1,1708544492339712e-28;0,36641776753624034
CMG;-0,0035671000010879827;0,0029441651183356107;0,05059183497463633;0,010843434250847713;0,0036050997932771727;0,00016112246697456303;0,058683935888717224;0,11243307153642763;0,7650484845530222;1,7678979047167466e-30;0,4155698496563256
MPC;0,012808201110670126;0,0037868752581525023;-0,09832568310361656;0,012962926408443879;0,0002366415352896556;2,7512946523865304e-30;0,023644930898388584;0,9225023296962329;0,5884399717409916;6,892526072885073e-36;0,5745283884943104
EOG;0,011964116023336923;0,005117202761074805;-0,04404560518363554;0,01018111793199909;-0,0015339426457381025;2,283561953805428e-20;0,010992453351986058;0,5996634856105637;0,8400417006605536;1,91544394657976e-18;0,41359301117014047
ICE;-0,0013498325615402995;-0,002260925843143039;-0,04815980046088192;0,008545279659163324;-0,0002724287345426971;0,013613521630262165;0,01289317575356199;0,8365472114579288;0,6253633680411889;1,6205220586969703e-47;0,5140364158759426
TGT;-0,002015921931811127;-0,0015864842519328786;-0,028245402088017568;0,008559757212262466;0,000289495256892498;0,04950491832520296;0,3510867604158937;0,9071331340128617;0,8788742331415845;3,835101915442103e-18;0,23768249057016766
SHW;-0,00039650404154410333;-0,0012819963263685811;0,022477882659407693;0,010048318771842892;4,872928616963352e-05;0,5503013414059982;0,2455503689626143;0,9758495254517081;0,8516839901589816;3,594524959032911e-45;0,5016424670129997
SLB;0,014196692296735359;0,006688857102331406;-0,001044242373516524;0,011018372348536483;-0,0030374421162169575;1,3238114937707886e-32;0,00017236695327473557;0,23764969816410048;0,9956579098519878;1,0416719988747344e-25;0,545390448135858
CME;0,0009092841440550023;-0,0029128359241698864;-0,007540389491384136;0,006555197849587927;-0,0006216607836327467;0,1765553203815715;0,009465144767380933;0,7028742708892642;0,9505973738003812;3,125187806899078e-23;0,2903998253048393
SO;0,0030297122075761294;-0,0037753109342750658;-0,31513439314899044;0,007885828422705505;0,00010488586370185102;4,136391403308843e-06;0,000504005874617661;0,9466861246063463;0,007485342415823485;7,070179463705106e-33;0,4005264317493862
ZTS;-0,0034884709269603024;-0,0016266598041936265;0,054531279851789266;0,009916630130148978;0,0004914374850537127;4,449530959487119e-08;0,11628483390985167;0,7446514539094936;0,6284875300521002;1,4910627131209823e-48;0,547998678469291
WM;0,0009737849438404248;-0,003633250527790301;0,05803899133197364;0,0064989414324368;0,00040539183263359484;0,06212130954530613;3,44844597480294e-05;0,7481726962952375;0,5383567409503838;4,5538030839792925e-34;0,40908177297111303
ANET;-0,003090657218703285;0,002677731144098098;0,40485687147214494;0,010595528117961949;0,0008802407215150352;0,011177965797079015;0,18423690950697372;0,7645978570213803;0,06589001334784009;1,7482991021108972e-19;0,30105033084777455
DUK;0,003037265316852553;-0,0043896042273985185;-0,2595368497640459;0,007002488856647983;-0,000610056237296186;2,0633981405665596e-06;3,3715153521403935e-05;0,6888754812996687;0,023121540811814237;1,191513375412106e-28;0,3675285610969633
MO;0,003639578503675131;-0,003189034247021404;-0,10991145343734661;0,0069616668612672555;-0,003236683019676417;4,5204568475171987e-07;0,006923673685094555;0,05963058625914614;0,39068694343741905;1,3302790179121815e-23;0,32834624920778943
EQIX;-0,003647411698120419;-0,003726117922595129;-0,06661052886567828;0,00860093626195953;-0,00030493789211170994;6,979601481671085e-07;0,002011918348841672;0,8614620429230487;0,6098245951584995;7,764030613841582e-32;0,40170841223229137
PH;0,006446950239329242;0,0035433685433974237;0,06251682170563694;0,013285264486438342;-0,00028874691872093927;3,4717322320792146e-23;0,00042203876868415996;0,8423785049130882;0,5643904890121304;2,2286581258086694e-74;0,7382101320636264
PSX;0,011624868393957283;0,0037445045990965914;-0,01726103443815269;0,009129934983987406;-0,0008166630648932314;1,4429231544859872e-32;0,009826073083488812;0,6981341760841935;0,912589893588662;3,6734874577641726e-26;0,537017296671143
CL;-0,00035827299783454793;-0,005286468572329095;-0,0932576713629413;0,005610104226682467;-0,0012387876766380718;0,48165911674542794;1,3284784104607953e-09;0,3160455838471845;0,3122023041730251;3,7903691127397393e-28;0,3481431353005293
ITW;0,0026838379126464832;-0,0007196563387818493;0,2017336945452854;0,010129605655254567;-0,0013674369080154956;1,8073068701659386e-07;0,3894968504300461;0,26282013832664897;0,027428992748847497;4,4458814917738e-66;0,6658269987698964
FCX;0,007311358374869432;0,007289523139531772;0,17554086413171094;0,01527222951257846;-0,0010213874975573815;1,562112406658504e-09;0,00022291845231437788;0,7201169716235192;0,4098507838776726;3,520894434529449e-36;0,5121038900400505
PYPL;-0,006409841815268274;0,0014846768909093312;-0,029661731249832277;0,012941478587101988;-0,003929389946674314;1,5397140104714186e-10;0,3563850137914133;0,09499130792896812;0,8656889745263547;9,99074187350654e-38;0,4908417139436839
CSX;0,0030197851911322737;0,0005540346394206125;0,07328613495497174;0,009555300185293124;-0,0004752417300406212;8,018616394031589e-07;0,5784141917681669;0,7439531858779029;0,5001753044047659;1,6814500174563723e-48;0,5588329579268547
BDX;-0,0012048910920302418;-0,002765859230648135;0,08125723068374499;0,005702176739643697;-0,0014501120188054751;0,07311411160544408;0,013520687719943306;0,3729462762022667;0,503705228363579;1,2595089470445052e-18;0,24638016669903084
MCK;0,0019946081534854337;-0,0018118831075489427;0,3661937452183176;0,007274059057663098;0,0007716407456238286;0,01787015571665953;0,19402479549834012;0,7043781759065033;0,016400828963452407;3,044530794196152e-19;0,28717600363566453
ABNB;-0,0045351421677141575;0,011213295854687173;6,789010016378105e-05;0,005238133680241888;-0,0015554734151168377;1,1389312678844805e-05;1,4264424161419833e-10;0,5285100736949766;0,9997060139519145;2,8733842411211047e-08;0,2886387488595106
APH;0,0019317107533386054;0,003545985382024456;0,25197923518660464;0,010070551804222571;-0,00032701340802762115;4,834729954456853e-05;7,615274450576735e-06;0,7737738709929902;0,0032308076093024774;1,7157746418066753e-71;0,7168006162821101
TT;0,0029611578976348816;-0,0005106387785625606;0,06164865001603921;0,01116777902151779;0,0013313188316243958;2,275905452435736e-05;0,6555878855113846;0,42581536146009524;0,621357265748606;1,0885146790933602e-49;0,5552044522654556
TDG;0,0056735373757865635;0,0012034829868529792;-0,2912073593336882;0,013798076203280404;0,0019382109026894567;1,2917156350094942e-11;0,3697958212685549;0,3224620791527273;0,047076482665631365;2,0027125728561502e-53;0,593898618651217
USB;0,010425824023185981;0,003195288506953263;0,06902609303760827;0,010600958295030551;-0,0030190118597478366;1,2456206704139179e-49;0,0010654662969715551;0,03324239756826105;0,5131130510568149;4,735610269086122e-58;0,7315231428858913
GD;0,004713652757141;-0,002362259641806983;0,12325292865858321;0,009998724834998753;-0,0018089089275504333;4,118863033075485e-17;0,007495951244690771;0,15890897197865056;0,19858934016668703;4,8982097981071115e-61;0,6508023489942143
ORLY;0,0014835054678766753;-0,005276897287431009;-0,04901265971382683;0,008865992750274491;0,0020368544839170673;0,05609553142310322;5,1971461770494944e-05;0,27858183178053425;0,7267900081205193;7,370491781195956e-30;0,3613408876195219
EMR;0,004495420623068171;0,0033364774984961845;0,046557697131386064;0,009934657665359975;-0,001312110405179194;1,9988419651692833e-16;0,00012416593202223405;0,2957481821838022;0,6191123331957082;2,753053644015242e-62;0,6799656314465237
HCA;0,004358458489277615;6,03544079537065e-05;0,031039817312905865;0,013096230464424525;0,0007002052064762972;2,9626513783858663e-07;0,9651870580986016;0,7286883502721409;0,836869005522503;1,093369926550104e-47;0,5484683063593851
NOC;0,0030507318592694664;-0,004962828060432563;-0,14301313973949042;0,006303745704376067;3,5858992949882305e-05;5,3241761277782994e-05;7,55898656287719e-05;0,9841664288655834;0,2896892844789632;1,7637778684036133e-18;0,26388375661231245
PNC;0,009062521869269058;0,0014159130931360538;0,19212092582186635;0,011408065277596557;-0,002561463943785062;5,445464243667774e-42;0,1356792594323228;0,06467962386735915;0,0635499802850769;1,4706683617583734e-65;0,7363187734106988
PCAR;0,0035176590203097498;-0,0017437899354489186;0,0778848452075743;0,009380339292777951;-0,00022923311402089805;1,614134924631979e-08;0,08438900895519015;0,8761906126786937;0,47863339811827155;1,5608771794504857e-46;0,5399320961512339
AON;0,0016029443949369144;-0,003965911079190815;0,007358973077628311;0,009892789736603836;2,0242578361532454e-07;0,012931869615272642;0,00023458003666474464;0,9998962227787487;0,949518862069733;2,4481726089610885e-46;0,5081534934831149
FDX;0,001629630944984479;0,003104050081431665;0,1680398461282957;0,010077732944717348;-0,0028514073082621287;0,0855520378751502;0,04892245464423493;0,2143453202711912;0,3269541073170482;1,0407322101186078e-26;0,37348428655388854
PXD;0,010920449165473398;0,003362636219330711;-0,17513648790346506;0,01037560879394353;-0,0007997155685151602;6,047853688683571e-21;0,061852277161416676;0,7602911199177786;0,3712551107232337;1,2047830329275884e-22;0,4391306155373552
NXPI;0,002403422545786877;0,0071721108083389745;0,19313981126567747;0,012308284137282313;-0,000952684627779712;0,005001349606915369;6,651968718261401e-07;0,6443736439813124;0,21071210361963136;2,48443345474976e-42;0,5521692217227809
MAR;0,0066613143764068464;0,006438703904380876;0,024383273812682127;0,0120187397318713;-0,0008185629680356615;6,414934570052524e-15;2,819608356311034e-06;0,6779402457687856;0,8684314008643581;1,072982153269065e-43;0,5871157361052035
MCO;-0,0015490835652207584;-0,003202160097126489;-0,10355053413073553;0,012382494808879574;0,00021380995213902;0,005579266204711776;0,000590425370147377;0,8739057427362614;0,3038295248401258;8,844020471339017e-75;0,6784288447891981
VLO;0,012868297236765925;0,003397666551360072;0,14425719191190486;0,011023370680519118;-0,0013585466740822015;2,5552626124034874e-29;0,047633959917997175;0,5863236558026941;0,4392283146859719;6,36085051105548e-27;0,5248930801654609
CEG;0,00018224151921448654;-0,0023129609662825585;-0,022629613196374396;0,0025197512914516638;0,00240854410359559;0,7876688019474688;0,040349823153101885;0,1429036763795174;0,8535218211355141;4,8977983353099824e-05;0,05811449952968761
CTAS;0,0012782684550901088;-0,0023250513316209385;-0,03773962296069744;0,011758279733952975;0,0015445276759386477;0,03630751258497156;0,0220319332614727;0,2957175550642999;0,7320664765026894;1,0009412193547731e-62;0,6179254150855573
MSI;0,0008605785446417638;-0,0011498991696567958;0,18395323228652594;0,008690148588821934;0,0013583015203857815;0,2074116853630672;0,3104973568910626;0,41165880305585856;0,137056109577702;3,7824453295269324e-35;0,43109883310203856
ROP;-0,001175190109194259;-0,002681222497505926;0,05770385099083915;0,008813968746679505;-0,00011291915657585781;0,02188171251286888;0,0017150447364606696;0,9273331182260048;0,532737928176396;3,909440104365023e-54;0,5661067904023953
ECL;0,0012136054472520314;-0,0001933671578063864;0,025106730716023082;0,011359193923514688;-0,0015158402788404842;0,04559361113875526;0,8475065588296157;0,3021133430302914;0,818840340234409;1,968970160090838e-60;0,6153086747707862
NSC;0,004202303055372664;0,0006370562917193871;0,0795822729497147;0,009734404085388431;-0,0009130090754720193;5,6633847361633205e-11;0,5358474031383953;0,5432640423933253;0,47808541510045577;1,2346509708299013e-47;0,567110462397584
EW;-0,0038437839565195163;0,0005622722037341474;-0,07910543469325747;0,01116236300524391;-0,0004012365670135337;3,874344556476745e-06;0,6791478927266272;0,8397306209258609;0,593504663062218;6,855037157404116e-39;0,4750214059783846
COF;0,011348743429948351;0,002743777397468572;-0,025546440660293934;0,015822572151732522;-0,002212616795247404;1,1541901428010106e-34;0,04298433788087405;0,26240353368163005;0,8623128802209133;2,8101096285052284e-63;0,70872466307904
AIG;0,010628192039877523;-0,00012274821568337155;-0,152804709906258;0,013734295461113932;-0,0020416779062451982;7,987677540675258e-34;0,9239692878183988;0,27726882048355933;0,2762568852774138;3,860247592833791e-56;0,6675876570157663
DXCM;-0,008644397001253565;0,003218089249925616;-0,3162326467087238;0,01192111287188897;0,004870063306374816;3,410093908817474e-10;0,14689718664011978;0,13264453085833386;0,1908695641255293;3,267381726610662e-20;0,33969888256562086
HLT;0,0037799400466865195;0,004552348969640435;-0,039668736590821624;0,011423568676147869;0,00031184835542016746;1,5208032895573737e-07;0,00012045566774635471;0,8550703254268073;0,7557374817572464;9,174673286897384e-50;0,5907366750646091
AZO;0,0018010033115455149;-0,005058689643033859;-0,05691126580989603;0,008931324827771796;0,001766876814832577;0,02537677832130363;0,00017628168641333421;0,36424376000974545;0,6954146262537608;1,3909172981159924e-28;0,3498534743523892
APD;0,0010598075309303538;-0,0023824798629229686;-0,19618885582582885;0,008493404522968179;-8,203696130088174e-05;0,1100336427208824;0,030919210246843153;0,9592422168727955;0,1024996081081713;1,6630169089253944e-35;0,40602792256624953
F;0,008340241410979131;0,007853637395045323;-0,30174820047821493;0,01315642517801481;-0,002091741058198411;9,128687087605361e-17;9,90103813305647e-07;0,3627992353930005;0,07933431367671147;6,417408511868964e-40;0,566149971448844
TRV;0,006026707868373695;-0,0025582735637448444;0,1926861010137026;0,008590264735158774;-0,0012379744264934935;3,6742867184771826e-25;0,004013377797779091;0,3372594355259153;0,0460598893076714;1,7539058604750543e-49;0,619799565370011
AJG;0,0013393755516865075;-0,00425434487070059;-0,025106036716430885;0,009147712438757769;0,0018409607439852924;0,01593465687119191;5,331761655698316e-06;0,1705958402152098;0,8021341482449237;4,464116152525751e-51;0,5400215671866719
ADSK;-0,004130598071115108;0,0021446727907612657;-0,10050656577325043;0,012688479703832323;-0,000293431355485997;1,7190044244255882e-06;0,12846221493492815;0,8864785503582107;0,5127780668849866;1,8304103239190346e-44;0,5277534165764814
TFC;0,011421300413797695;0,005818004545825206;0,14042955317417155;0,01139637462013596;-0,003514992320960952;2,893921540056195e-47;2,1964825601481107e-07;0,028951950874450703;0,24134928851956206;4,9063691990772293e-54;0,7247563626866917
GM;0,007565076944014568;0,008107342520920338;-0,17975486773065566;0,013947502308144386;-0,0029640378531601303;6,108276714285377e-17;2,517676110718451e-08;0,15290362916339387;0,245515101764475;3,1000079614818516e-50;0,6321389326599194
WELL;0,008067343693844422;0,0032419168440195097;-0,41830046456131487;0,0113522319215215;-0,00011596859558466724;4,035623664752323e-15;0,046323198999920864;0,9609293375053922;0,01851134260232554;1,3750370588441523e-30;0,4619474549971645
MMM;0,0030868779687064423;0,0004006473319052091;0,21669827394021407;0,008706493673942009;-0,005060792846642028;6,700146587892248e-07;0,6920567879425145;0,0006843797006199444;0,050090338157424044;1,2052707425500143e-41;0,5203581523146938
NUE;0,006101349905338053;0,00412035619525692;0,22334401529361025;0,010951392467799153;0,00020736877650026956;9,067160495018089e-10;0,010661359204295666;0,9294655418506375;0,20236843169269048;2,0706919915868765e-29;0,4509084245356316
SPG;0,013212585883357403;0,006031008175000791;-0,19699455228927934;0,015122995573116462;-0,002870165133133962;2,292504721920316e-29;0,0006588595180750293;0,262719432536168;0,3032781777458252;9,549145865590771e-42;0,6076197344095636
CPRT;-0,0010709014939718836;0,00040831039011355637;-0,1498327286816923;0,011179270437592434;0,0025110779320598126;0,12313789383615786;0,7230484884564502;0,13606738233817312;0,23338841842897273;2,5242686020117223e-49;0,5362719941875259
CARR;-0,0010978068292776433;0,004599378451926283;-0,12918059357343686;0,005340506179905588;0,003935993184667407;0,20447447018513024;0,0014880115223984208;0,0611087872763266;0,409448932582959;4,392375919729957e-11;0,19650153837796025
MCHP;0,0003080236488490636;0,005806153362293189;0,17106063553022166;0,01367181823819882;-0,0012716151710871221;0,7063995196323815;2,533928449551152e-05;0,5215283851359762;0,2486289057472589;7,718070773559975e-52;0,599007907501104
URI;0,007600413428672779;0,0077673141185326325;0,01582160990158249;0,01562337918440118;0,0007442323325750726;8,975833413922632e-17;1,1938486779247053e-07;0,7221351841354772;0,9193658324121752;1,1528558122297834e-57;0,6690293859718353
ROST;0,002889801247318247;-0,001230928145201058;-0,005680632415354991;0,013517391891342588;-0,001341651741610013;0,0008732320661523757;0,389555179203255;0,5204357897110574;0,9709260259951678;1,4193610670690776e-47;0,5294094402688666
WMB;0,007338787239567277;-0,0005122718524051324;-0,13503144785219093;0,010184135775440084;-0,0016251595309587394;1,8768470810352903e-21;0,6665807857705544;0,3493270512425575;0,297865482629175;2,344183008454197e-41;0,551008438208749
DHI;0,0013506259911177322;0,004444495582571386;-0,1375596061532084;0,011794582141495508;0,0011177587498220206;0,14870817973468473;0,004432020220431445;0,6216887676762288;0,41630157531070067;1,1264075187774304e-34;0,4461252893691934
SMCI;0,00045658601732003466;0,007548226628178599;-0,20146669397895972;0,011781302321215414;0,006145672389347518;0,7940276851014354;0,009783653398414312;0,1480592273366475;0,524932240538944;9,460289495345263e-13;0,2031434731163616
OKE;0,010782925858620843;0,00651705477867173;-0,41058674637176074;0,014296205167080116;-0,0010214887503767309;1,3542104574872043e-19;0,00047999284483478595;0,704938275410484;0,04222221590269237;1,3432323077851845e-35;0,5339384928317379
PSA;-0,0005414567397781043;-0,0023515181925196135;-0,00735652001941943;0,007146632018687569;-0,0005530181355502969;0,439964762157085;0,044160817534530585;0,7449486872369193;0,9537909460791798;6,450868260307338e-25;0,30668337462175965
NEM;-0,0013163614420532786;0,0028705023401370345;-0,03409490335426339;0,004975712568091113;-0,001045689737817739;0,2313607211570787;0,11659054968967542;0,6947759887549727;0,8639724849068642;9,229459700684486e-07;0,10534466060566794
OXY;0,015435154982900153;0,006538545109594452;-0,01314949624916989;0,013105626321256924;-0,002989633917383564;5,96631404143349e-22;0,008346101472116679;0,40624738023449014;0,9609684102924048;8,127287833300884e-20;0,4364576280353375
MET;0,010123253917237608;0,0008634111580765902;0,11515548516624269;0,012862758585606463;-0,0020811277457563376;1,0395332190266184e-55;0,3173871194671847;0,09919644993734662;0,22141668104157936;1,8568619432371524e-84;0,8055462753730287
AFL;0,007358463958750161;-0,002062685950416387;-0,00074728222480544;0,011339086654595655;-0,0004877784071626622;4,851540764447623e-33;0,023138896765652273;0,7117845953989697;0,9939524235344489;6,525050022100418e-69;0,714059537826832
ALL;0,0057155503754532065;-0,003776161039813263;0,029889074206235128;0,008920436759128347;-0,0011077887468121767;1,9727423504828978e-16;0,0006138745902889597;0,4871691643419034;0,8017386244168206;1,3557295790656156e-38;0,5114820224829131
TEL;0,003641985068064583;0,0037347473929100756;0,07766126374974115;0,011816893233385858;-0,0016367525352485553;1,1611420342314371e-11;1,833565874652621e-05;0,19222952242689956;0,40702381968802637;4,697679189479666e-77;0,7374033001614826
GWW;0,002194179076508203;-0,0007480256135618563;-0,00698944363988363;0,010306511806712788;0,0016130669904430707;0,004152521704056592;0,5539676503995505;0,3820894732584844;0,9595313697540606;1,6748731101064396e-38;0,4564425748835679
SRE;0,004188358573238917;-0,0004989926932322975;-0,34288327929991547;0,008141824051503104;-2,926331005489156e-05;1,4361094210872365e-08;0,6764876491741267;0,9866225603461066;0,008900126241189521;2,574624784099424e-29;0,39327267683689093
O;0,004679624441325166;-0,001662077301989708;-0,07641336300265406;0,010044999641958303;-0,0018604877833702273;1,1076397497105356e-08;0,21029249115466264;0,3364361923702335;0,5968816164386475;1,5651554818321967e-34;0,44278168448010546
AEP;0,0026183168546427176;-0,004964077867244293;-0,15202267467281017;0,007295585677042343;-0,0010613169818202287;8,514332242208616e-05;7,951888906968709e-06;0,5061961131808026;0,20275111369799018;2,0780717801091665e-28;0,3603822715452625
IQV;-0,00021662586500500992;5,9955324672192984e-05;-0,037452928529772445;0,013296920133188644;-0,0002545011113495167;0,7382080828192448;0,9556040495239863;0,8713877332810724;0,7497365214461846;1,2771308852169422e-67;0,652921025097168
JCI;0,003589949912881794;0,0009127689794088969;0,03943914661044598;0,010935457073019916;-0,0012312342638045172;2,4278471098438346e-07;0,4196399369894833;0,4557422879279748;0,7489507532162994;4,092010525890894e-49;0,5639297663999776
AMP;0,006904004165322861;0,0016840980078594928;0,2875089823635333;0,013961123270954792;-0,0010289929532423282;4,91017222953376e-29;0,06887086034086766;0,44531838346957386;0,004539305118197619;8,05372354849115e-86;0,7836077741805417
FTNT;-0,007215429678165125;-0,000329156786469344;-0,21033015066946587;0,011318540799929964;0,0036251501517786094;1,265271189715464e-10;0,8550564385360467;0,1687538053201239;0,2847166938341555;7,523181543981082e-26;0,3796181919828955
CCI;-0,0014093500969074258;-0,0037863711701616462;0,09721309303132483;0,008208872640250192;-0,0022001609359683307;0,06455986173681513;0,0029307131935658376;0,23345181852316754;0,4805331125681711;2,9974650339297773e-27;0,34124620141617534
MSCI;-0,005550908907497647;-0,0012500637653154638;0,07431628156164574;0,011055276672189782;0,0016094022976872171;7,210762829340804e-15;0,26804287133753224;0,3284972601829488;0,545549961960275;4,933322519969838e-50;0,581407172099432
DLR;-0,002379325597374671;-0,003343929008059613;0,21977833471326208;0,007388157556298223;-0,0020021163251925708;0,0031775499021557164;0,012421369117742812;0,30309778503847523;0,1305030641525776;3,053425531483072e-21;0,2952694049741371
FAST;-0,0007858614725378026;-0,0012275919268819203;0,1646273671458485;0,009467235436982592;5,436791622996477e-06;0,20498409540171383;0,2334028502694365;0,9971117791586164;0,1429028647491642;8,558725344868925e-46;0,5172594205436076
FIS;0,001159493627391445;-0,002454914142017876;-0,03359922927153976;0,010771112783658457;-0,003972660496577485;0,1686752581294354;0,07976364989307105;0,05221752646898674;0,825471491873787;2,1518815308975807e-35;0,4142566969945487
BK;0,007000862913385356;0,00010512789917065601;0,20575243696270606;0,009945305910825415;-0,0027838575541519134;6,612882733178657e-26;0,9168649121891878;0,05899428186763554;0,06165987128375015;1,5940495989960453e-50;0,6342175800409309
HES;0,012859975358582437;0,0038189294588286135;-0,39184038810206545;0,01182732313391896;0,0019901077836632533;1,1356736902501938e-25;0,04081733196836074;0,46391527949872047;0,05411771771111189;2,4650038441533362e-26;0,49071064942810216
STZ;0,0029267842231642848;0,0013685456464018475;-0,06706829912755008;0,010591040678523204;-0,0019163275598860295;6,262819306604363e-05;0,25430500201641953;0,2740959740577835;0,6080193716488678;3,3084573321321517e-43;0,5115629233801864
IDXX;-0,005959092899545633;-0,002367814244359093;0,05344356261863492;0,012367218378314046;0,0005749250884106276;1,2922639374032736e-12;0,07771310501264132;0,7686183261391478;0,7142578460185904;4,719207610521859e-46;0,5448869220309489
KMB;-0,00097918573844282;-0,005388059992026463;-0,130507976468284;0,005803973764876464;-0,00130081376483047;0,11712163323037691;3,5868713873218977e-07;0,3901104264299815;0,24852501481182318;1,5312439667666182e-21;0,2763589592763023
A;-0,001601080791124586;0,001681830648723153;0,06377385456251594;0,009443327927976336;-0,000262156137347488;0,007127571555579026;0,0878314099186475;0,8550216503214784;0,5518494389729209;1,20348599071057e-48;0,5547853859356723
DOW;0,008085928702872986;0,0077151298100492476;-0,19830831768171328;0,008334763369470645;-0,0008041778438481383;1,8487416473509778e-20;2,4823656286926185e-08;0,683033225473829;0,1781662520028295;3,5002142969860486e-25;0,5002249668168239
AME;0,0016188369784452756;0,00039883772847676326;0,11049273684656882;0,010362281541860602;-9,491490415148652e-05;0,00044773465598128517;0,5991809827783201;0,931697814085238;0,18219506428824023;2,2205378540804186e-76;0,7096822981990911
PRU;0,010445732314239954;0,0014771732942788294;0,05516711331233681;0,013563696991759763;-0,0032415642828201472;2,0766850860331783e-63;0,06754542312627819;0,006163684368051137;0,5301565635214658;2,3927196487830147e-96;0,8389025038474858
LULU;-0,003731658051124423;0,0017026164246624201;-0,3457746865597362;0,012553635605257279;0,0037727151842707595;8,080646580723354e-05;0,2734633212462803;0,09684203413745351;0,04182604267798195;5,482957132079852e-38;0,4623061643462174
LEN;0,0015113624666410522;0,005508716613208244;-0,24111322261992313;0,012922128589348072;0,0002940642750907681;0,13581452106969893;0,0011568587800682728;0,9045922937964661;0,18881956736629954;2,877658412937892e-35;0,45479532926268995
MNST;-0,00018622485447451537;-0,001491285622789094;-0,12089848947543794;0,008874650129822402;-1,284708962564357e-05;0,7970270453507019;0,2157393326403602;0,994163176966438;0,3569801442635695;3,911803296204511e-33;0,3879012454149937
CMI;0,005311972922151607;8,266663194111826e-05;0,13827930901497082;0,00945139222217507;-0,0015297471934190626;2,3698209024494688e-17;0,9328654254871596;0,28597331658395225;0,19675059390431757;8,144477923342004e-49;0,5955540820373436
D;0,0020226254913971358;-0,0037424663280284593;-0,08116505507902694;0,006306653788024301;-0,003037570674820086;0,0021248488770462823;0,0006389149183546286;0,05598131798877545;0,49299598967899105;7,714384662362642e-23;0,29593688702302057
CTVA;0,0062383030726941135;0,004664392514888642;0,07288420759693236;0,006451488586358998;8,971930872499027e-05;3,785781487861568e-15;0,00023114656826214733;0,9608665227420747;0,5936340293189504;8,065049174227808e-19;0,40170001436878666
ODFL;-0,0005145690930314292;0,0032261515514618883;0,188587369282393;0,010434250542668437;0,0018939987542375596;0,4979411141107035;0,010944753441867626;0,3039782849603145;0,1708279205820215;2,6014341530979768e-39;0,494621715437653
OTIS;0,0009305105227542854;0,000839969819652487;-0,12114146825614279;0,004322227634460624;0,0012791270112980728;0,0744070202659158;0,33158497382955887;0,31111343590162543;0,19922216164162965;6,117120727156287e-18;0,24588518735348164
COR;0,001251382453808062;-0,0022654967986827975;0,33385013604713215;0,007226757574168369;-0,00018407448641032283;0,0890727259200579;0,06408731622738259;0,9176801755060977;0,012517734630126743;1,483593439916574e-23;0,32971537759524217
PAYX;0,0012846234031807292;-0,0015710631420786372;0,04948213136535437;0,010836092538458566;-0,000914850367830368;0,019274335649914806;0,08438801044773203;0,4902608960142082;0,6172712449778833;8,475905332586559e-65;0,6365938751236149
LHX;0,0033483833485217418;-0,0045720466769674385;-0,14586368227838648;0,008791098516314252;-0,0005523599685846225;1,0790309925933992e-05;0,0002786815422337269;0,7610845020479184;0,28274862953223245;5,0696504715005375e-31;0,3881682927897626
GIS;-0,0003241295980235022;-0,00597564131015676;-0,1268511736995947;0,003183084946820365;-0,0005894333812530045;0,6308959606835225;1,851491764377163e-07;0,7186630860379455;0,2996108613438753;3,3103709013502193e-07;0,1270665606353728
HUM;-0,0006205424904486051;-0,003868964573148418;0,09031713414985226;0,009509329192080257;-0,0008685756501797871;0,5234516845287878;0,01714616185687543;0,7126755279540206;0,6081761057005624;2,5494136284775513e-23;0,293780091244047
CNC;0,0006300586819255277;-0,0034096960907419285;0,14062498877410165;0,009615452130960293;-0,0016163934816250643;0,5278520258416295;0,040414980279919625;0,5043443468308431;0,4367712762236421;8,87516776582117e-23;0,2918877415565865
SYY;0,006481916148549386;0,0026272192076866006;-0,24244391934653403;0,01286063181390229;-0,0015421053259737929;5,064548008340553e-13;0,06657743830279374;0,4596497562333861;0,12014644410141505;2,014299289672984e-44;0,5505227411265714
RSG;0,0013372434378065737;-0,004313618959312183;0,025284934830533706;0,00754176448711257;0,0008225823782068744;0,006518243557285167;2,0316656311171768e-07;0,48778307879000904;0,775138236968207;2,0543872957056543e-46;0,5124742912951318
MLM;0,004914890246090639;0,004192206286735501;-0,12200673507559154;0,01065148359942672;0,0005543585080079271;3,38532348413013e-10;0,0009654608714142437;0,7629171456212565;0,374313541156176;1,286774667205472e-40;0,5315859558417088
CSGP;-0,0034427581328082034;-0,0014001773479458703;-0,301166842631462;0,010956838136688511;0,0012743866039913417;3,782033184723584e-05;0,3069301012295504;0,5238607287225719;0,04433175601396179;1,980951298096304e-37;0,4421871443533413
PWR;0,004092797575390649;0,0036101993714488623;0,12096311620457229;0,01078883229764575;0,002822917076194532;1,1358150513964048e-07;0,004212668550846253;0,12347085951602166;0,37619348502589833;1,1737741711396082e-41;0,5351882028394479
IR;0,004130982619671501;0,004259157899336887;0,1125103956362698;0,011109792703526807;-6,72191006511791e-05;3,6984985828518764e-07;0,0013977969031294768;0,9722101523987965;0,43518871048063223;3,18667853360523e-40;0,5260376546515757
YUM;0,0024582311023076744;-0,0031206895508777395;-0,08839479105543241;0,010013222332768548;-0,0007079609074426168;3,745884048445761e-05;0,0015376240815829247;0,619715231609322;0,40691251401651873;3,9516672152987167e-53;0,5601939185096161
EXC;0,002149912588669065;-0,00336709096730924;-0,2578894033038764;0,00920583854061465;-0,0007331974205876382;0,0010834113603320622;0,0020502200395538755;0,6430646684700422;0,029670305036376188;7,474317092620342e-41;0,45742724732588935
GEHC;-2,3298591927373503e-05;0,0020025300406584998;-0,00608091278314688;0,0008838026189957223;0,0003193961132885178;0,9551025708182765;0,0038260451351657403;0,7503551714952588;0,93535058931567;0,01879643943479549;0,05812458523009478
FANG;0,014129521216481786;0,006843246899278137;-0,2196927997370851;0,014134310250227832;-0,0014703885416496078;3,2451454132140756e-19;0,0055276571035352984;0,6811078800192607;0,4111947785035993;1,4196494523911718e-22;0,43784340524301113
IT;0,002130350714090375;0,00013157921131203714;0,1699459642445143;0,012918831637997353;0,0006835839064556508;0,007653102189254769;0,9205798364428853;0,722712184300244;0,23801787371159053;6,361753373831385e-50;0,5570972372301805
HAL;0,015143224331265002;0,0062001055584290235;-0,3295250708578937;0,014859563862845447;-0,003050613418695605;2,274213800634958e-26;0,004246389009965577;0,3322773966645315;0,1611831491637323;6,523571767975782e-30;0,5251337787936663
KR;0,0005082483196422427;-0,0017521493773122454;0,36727080337074614;0,0025487413446995044;-0,00013648864721968706;0,5883806116963801;0,2619336794455533;0,9522104453935016;0,031464497478382064;0,0028994647950084736;0,05702762029727049
PCG;0,005305074375338194;0,0003494492361379134;0,28987280500902013;0,01268956599490154;-0,00631786576740047;0,024003809033796;0,928414174346037;0,2662787225875328;0,4943752046876595;5,6733054395399086e-09;0,13730096918658907
VMC;0,004354582182452663;0,0020502491050550927;-0,05824390099225597;0,009831768339057027;-0,0002778826134330934;1,246831505632553e-08;0,0983428765948353;0,8777477337352375;0,6660002978879059;4,957021084098099e-37;0,4842233494965832
CTSH;0,0015971709405460536;0,0013152340835779514;-0,09068084560498553;0,009934019737373049;-0,001984326656354066;0,028131074188775553;0,27519729273014176;0,25940743835939095;0,4898629018763956;3,785121717695279e-39;0,4676438552749388
KMI;0,007034578146090344;0,0008864616693992652;-0,33429025617774105;0,009304424879128725;-0,0014044732969745138;4,4642356016168235e-23;0,4157508357018739;0,37709157287239536;0,005129862211557327;3,2388475103312653e-41;0,5582070711975071
ACGL;0,007890347645151004;-0,000133311777400937;-0,0924967740675064;0,010332623152202063;0,0010094764472822581;3,1920348477721573e-22;0,9150904660300301;0,580270621029009;0,4975439324286113;3,0148029631542776e-39;0,5446085523693464
MRNA;-0,010324721157378746;0,010208943425150281;-0,4494908312972045;0,0051603282485397205;0,004869132178552085;6,141272038256135e-06;0,006540729216268365;0,3716554871383836;0,2696449419265463;0,011524591816805237;0,11816798441345722
KVUE;4,361016863206854e-05;0,0003822918500405232;-0,019422181177182106;0,00048335304760139305;-0,0011272370039361011;0,8606626276871044;0,354792936850297;0,0621428439500534;0,6661197115937387;0,03219414387556459;0,022225725847308087
DG;-0,002477658231059954;-0,004055871976744896;0,14950137296924898;0,00551897522147728;-0,000905595865949706;0,006394066668268802;0,00721707191256961;0,6793499946316714;0,3611424613836568;7,000561821238064e-11;0,16467012015958493
BKR;0,010668360141963599;0,003417689182637273;0,22352029849351862;0,010981307460701098;-0,0026859911119025736;2,3184636202652282e-20;0,05630281143327466;0,3030773553203325;0,2512699519863377;5,224290219418147e-25;0,46617961474978065
DVN;0,01490579258194578;0,005461252403779268;-0,07411156248007883;0,01416173529605955;-0,002231967742777715;1,4035639689529283e-22;0,020072258139155166;0,5133441046297293;0,771291073518467;2,1289819824526478e-24;0,46881203504627267
CDW;0,0017951205613051518;-0,0014170627842365075;0,08160660186959728;0,012145858272319825;0,0006477955707254028;0,005654970775977742;0,18654857418264953;0,6787225359676433;0,4848711377053351;1,0338563889243607e-60;0,6165728726367126
EL;-0,0009466223937833317;8,756488272617505e-05;0,025112449830532832;0,009704932471721023;-0,002057659304145981;0,26426260446083344;0,9503987722363374;0,31700136655016115;0,8700098196749395;6,95997653447483e-30;0,3740194475149937
ADM;0,005675514963945923;-0,0015583527137644233;0,09045558869701163;0,007879567595605961;-0,00013027626429738294;3,392342165749246e-19;0,1144055333400955;0,9278095463739735;0,3998849381285321;2,0824212916332257e-37;0,5232084996270585
GPN;0,001968008267455133;-0,0009517042145348298;-0,13719162106294797;0,013344574804774308;-0,002045612998304767;0,022085808915107048;0,5036889468526178;0,32497554221400005;0,37668945707219836;4,743527374572828e-47;0,5168845008596838
PEG;0,0024430485320333303;-0,0035469451341383048;-0,21251877673272088;0,008779130222530499;-0,0009637295333465563;0,0001603934773751358;0,0009443686802491402;0,5347010920498159;0,06744346736703709;3,3263216386257634e-39;0,44865894207075985
PPG;0,0035007720466071392;0,0006582008561862546;-0,009059894037006147;0,010462474425363844;-0,0015939021398838522;1,0021414270786081e-07;0,5374620647576094;0,3065425376377783;0,9379183974125491;4,923100155788258e-50;0,567578985269596
VRSK;-0,00351826490377595;-0,003065687540223253;-0,021777135370856696;0,008883470078847561;0,000570998052273509;1,1331345686628082e-09;0,0011003470768650534;0,6744714962379827;0,8301489868533023;3,592547247341526e-48;0,5415091168384768
DD;0,006474292323571445;0,004019341422760805;0,047121414346142754;0,010903823657088276;-0,0034349689415972898;7,734301027482145e-18;0,000708284534358871;0,04605548340292255;0,7131917604024824;2,6506124875788687e-46;0,5994052521327835
RCL;0,011851421223687304;0,010163447215035412;-0,6105684908596476;0,02086677965571271;-0,0022666369256175737;1,4308210554611633e-14;3,913299295544395e-05;0,5241822904097966;0,022128387689007826;2,5530641644157863e-41;0,5565284805143916
MPWR;-0,003911274801808326;0,0035673634882481793;0,18329107027202046;0,013194267416995281;0,0017593459915683112;0,0001590017188123839;0,036646979704808;0,4787681843404359;0,32333025018577544;9,763659136926675e-36;0,4689944398428795
ROK;0,0012870834144748321;0,0014694291333435222;0,10494561652605264;0,011616206852222723;-0,0014891734745921157;0,07089777147723679;0,21401626375919314;0,38796902336319505;0,41526300385967474;3,0186433703181614e-50;0,5618207855093934
KDP;0,0022316426227791623;0,005470776364131759;0,0414346602962577;0,002849233221590786;-0,0042206356277707646;0,33073429925639686;0,15170213491574552;0,44808495777721646;0,9205318684596122;0,17028744903813112;0,020315688244198604
EA;-0,0024003420462103105;-0,0009425677490431974;-0,2517425479994295;0,00613214325994375;-0,0004922150554353417;0,0031323401607543716;0,48214341401703853;0,8013916667719039;0,08569594516405495;1,5919114524069462e-15;0,21027974797141946
EFX;5,0772117723927755e-05;0,0005467018731722329;-0,010437385247377251;0,0124806722653053;-0,0006223795349123065;0,9509278181938049;0,6900985213858932;0,7558056412671752;0,94432317825861;4,098368924700429e-45;0,5093056066630692
EXR;9,293167165161256e-05;-0,0010864284149028033;-0,039572417810073285;0,008572856919116805;3,81136880193058e-05;0,9074681517879593;0,413776288706052;0,9843199718328002;0,7846963193892276;5,8179384034482826e-27;0,3320358427218205
DFS;0,012486996780393278;0,0014135774634806463;-0,09080274243678302;0,018724158630918915;-0,0022899178802464333;4,037242901533744e-28;0,40720578699322796;0,3577148005525347;0,6251508909589081;2,8603097850716833e-58;0,6675328424358364
ED;0,0020688188294102766;-0,007277414683623458;-0,01664951825796552;0,005617818429632828;-0,0012130380876991692;0,0007045737659016195;3,5159998881453058e-12;0,40868660652586175;0,8792494773257005;1,8221954453995764e-21;0,326120007582995
HIG;0,008763598364599376;-0,0010432359783241808;0,05552936548933418;0,010523095896484083;-0,0011274136591734878;1,2647273505985225e-32;0,33716525158502975;0,47717993845455975;0,639139007081014;3,2329903624821553e-49;0,637349558854299
VICI;0,005268670322485578;0,0035176798202352466;-0,2563177905264983;0,011656372535153427;-0,0003887246878159535;3,7825356754850144e-11;0,006191307220383915;0,8348279299969854;0,06636627033710993;2,820387079736532e-45;0,5566664758334717
FICO;-0,0012284097090886708;-0,0004092559699592454;-0,10425476234611884;0,012241926047682034;0,0037620323328955304;0,18761043635440575;0,7913680958353875;0,09645208099089575;0,5365694690919587;8,094709961203363e-37;0,43236770099947486
XYL;0,003076327208818311;0,0002113027632303567;0,13189433785707566;0,010807966541252195;-0,001151008937989707;6,782260721020317e-06;0,8499931436514874;0,4804772418511687;0,27928829200525346;4,091543278408252e-49;0,5606303150083187
DAL;0,009326515701780266;0,0050082452291062285;0,1037859071605256;0,01605939540324758;-0,004480471346776321;7,987592527790405e-16;0,006333433328790946;0,09303917360041555;0,601657621690288;4,862023522871983e-43;0,5690846513363224
ANSS;-0,006158166566330298;0,0004176905151937704;0,11854295568117273;0,011363078153021485;-0,0004058794953163444;2,600764902117239e-19;0,694927908429638;0,7940143573467303;0,30760575808706414;4,387954291871225e-56;0,63644335000604
XEL;0,0018469499774475982;-0,00763284473175394;-0,23336958276979908;0,0076080918299091865;-0,0005580128728951258;0,003800857723204776;3,339592589740471e-12;0,7166503119394803;0,04278708928768109;4,2431727062394105e-32;0,39908646522668234
BIIB;-0,0025238563490583327;0,00285623535613304;-0,018360436235247996;0,007599122526105081;-0,0028023332197300342;0,06120964916977845;0,201671159706066;0,3904187466284955;0,9399047745637465;1,3569855734627617e-09;0,1478050142069638
FTV;0,002201382567310671;0,0004883415227643324;0,041996047144058635;0,01084940864506392;-0,0020035657418867965;0,00039984642955753763;0,6330974232631648;0,18021410628536488;0,7064620646750431;1,1991068554739658e-55;0,5952084189807958
ON;0,002769210142244313;0,009765215421315572;0,16220621683532996;0,014172584012487187;0,0008372859351342648;0,0169924685664707;6,167860767195119e-07;0,76501918212258;0,4383411388876447;3,387284508579553e-33;0,47993802715934986
KHC;0,003200329685464682;-0,001391339306710148;-0,1763241330897941;0,006056540843049369;-0,0034737274084129743;0,00036422074824436193;0,34636322601131087;0,10773300283996763;0,27376661450924206;5,366182678405555e-13;0,18931676175050116
HSY;0,0004413114886196183;-0,005779640500738424;-0,19800431320744566;0,006186896288039116;0,0003429169673583699;0,45415871292511023;9,265686740671292e-09;0,8104215057580704;0,0643828463193284;4,3991480097467116e-26;0,3225343323635049
WST;-0,0058069255514748295;-0,000702034747513591;0,03951682032146721;0,009211570399317342;0,0014402649584465813;1,1854078776532378e-11;0,6083804772249926;0,47151145473903977;0,7913075142060575;9,394181003535416e-29;0,4160944208614955
CBRE;0,006079728651706725;0,0038381535085249396;-0,10140011416809715;0,012673322622503376;-6,735471889082398e-06;2,2132499976732996e-16;0,001076364769444246;0,996835876835986;0,4243126205353588;1,2715310631232443e-57;0,6490517810691878
MTD;-0,001554523631536523;0,0007338815190536564;0,2295248782590466;0,010512675074302466;-0,001036276826590636;0,018938557500350395;0,503209029124474;0,5172189922416965;0,05541797430834545;1,5084592514859245e-48;0,5546070406177173
KEYS;-0,0018766754082456315;0,003927096815102161;0,20173221072188874;0,008515565354927142;0,001556980641079658;0,016339613302221462;0,002565245402815788;0,40951763148003995;0,1529449688415406;7,537994459577694e-28;0,4065839527652927
WTW;0,002051636794650526;-0,0027160928611009395;0,11654196015418278;0,00902503079201902;-0,0009922686352991127;0,00236205011601272;0,01514580830597479;0,5414196056720839;0,3371001355689811;3,549429935014558e-38;0,4553896051357038
RMD;-0,003986366956507108;-0,002084002192657069;0,1345452882156829;0,009805932628202176;-0,0007213061295328956;1,8008598447385235e-05;0,17148265238942476;0,7453898190688273;0,41756466256317015;6,590773259679504e-27;0,3626313256903826
EIX;0,0027912953990959707;-0,0030959562636293904;-0,0191617020765259;0,008716835696349902;-0,001653935434281262;0,0004800926683824837;0,01911325712021788;0,3892478630386812;0,8936880664813066;4,1284069486113525e-28;0,357510298536478
CHTR;-0,0003136310962171704;-0,0021471964660348354;-0,02775097237220231;0,010155285083776265;-0,002100448953257875;0,7407835101012321;0,17352035812968725;0,36131226748380707;0,8716250923298616;6,3571715203714506e-27;0,32938117572875825
TSCO;-0,0014595844501955981;0,0012503404583796376;0,13125214968110832;0,007900683016219004;0,0008731323901506273;0,08119978721231427;0,3678277723608441;0,6664261030487502;0,3858220488323235;4,02590716366809e-22;0,3089106671866527
CAH;0,0027291532038008805;-0,0021149339692821028;0,2836378603476759;0,008337742152757758;-0,0011924537504907923;0,0021327369788160704;0,1496396298356352;0,5772861117236928;0,07656060861048027;4,289788151408923e-22;0,31499933919205114
WAB;0,007838889306693287;0,005398747431018919;0,14465166681198682;0,011896351065314965;-0,0013159120499513094;1,2522220725624936e-22;1,4992658786163374e-05;0,4631146402567199;0,2804157801839516;3,353864728908478e-49;0,6395110658057961
EBAY;-0,002079407007372954;-0,0005780472095459227;0,011989178463861577;0,011605404656533095;-0,0025460800976015155;0,010016195603823348;0,6649605106690153;0,19181230262044688;0,9343214281395038;2,920465000811201e-42;0,4866678785141134
DLTR;0,0015615311924196728;-0,0014584821014337022;0,0259787711339824;0,006853952286536029;-0,0010102660356302805;0,15753368523017433;0,42643597885632356;0,7057504329370634;0,8965550400964455;3,520434728837177e-11;0,14900290016659568
ZBH;0,0023084469780667288;0,0015117295811927804;-0,1649123732482186;0,010736510145858438;-0,002049535348874274;0,0008546338555804619;0,185451891131586;0,21863912464946864;0,1851479284681165;2,5652826835139936e-47;0,5355787755779704
LYB;0,010643587323670812;0,005555455486503618;-0,16170566772245046;0,011942586087120444;-0,0024811944534722406;8,446520968244466e-34;2,1592497050021672e-05;0,18776142961249379;0,25020727147659344;2,9097116527705675e-46;0,6486306709977905
TROW;0,0005988742457830002;0,0010667070766819855;0,1788014705159482;0,012574859830880603;-0,003292150450865292;0,35523645862754627;0,32177672009576175;0,03668912516633267;0,12805103648393676;3,889860932063637e-63;0,6427846712508747
AVB;0,004041907900830199;-0,00249461856426908;-0,09714133891197749;0,010949110417621985;-0,002035397943319062;5,025098375536599e-08;0,03872188498918729;0,2467562611804173;0,45890826445985844;4,037397824412332e-45;0,5175679820504511
HWM;0,010230423531627295;0,003937188561670893;0,0353505467817129;0,014172592950237404;-0,0009333689346696173;3,5272528979757225e-21;0,018964357228866566;0,7019194875156665;0,8460919066295371;8,88399634670834e-41;0,5697987375904869
TRGP;0,014419709767890828;0,009985871979485559;-0,7853939592638765;0,01606736785136118;0,000877366415807546;1,1296935688639566e-23;7,707164904648643e-06;0,7843211634153033;0,0011442934930913338;9,972228050317663e-33;0,5435595509502967
WEC;0,0016656991425525944;-0,007865014579694244;-0,2469346675855145;0,007393335321152354;-0,0005553068346809309;0,01273711918392477;7,697208135041297e-12;0,7307855128490464;0,041158701665927756;1,657461049345393e-28;0,3651522593556832
HPQ;0,00411324226870194;0,00020399628380085046;0,0902473749988216;0,01183813881707292;-0,001791801464666076;1,448452370838281e-06;0,8834781214713705;0,37809931191559887;0,5521000473269082;6,283498770613934e-41;0,5003204785979052
WY;0,00485815724752611;0,0019325492031494885;-0,1945729459181685;0,014356161213366074;-0,0026404987583908733;1,1453960121333258e-10;0,1110180327273381;0,1356621382876516;0,1409415895782864;2,5161361156546143e-64;0,6574651547730225
NVR;0,0018382115254415795;0,003063013811282202;-0,1698534674810307;0,010766875058705168;0,00014880088566100302;0,04411298102084399;0,0435421747467129;0,9462611694112741;0,3033417155307362;2,168015709392048e-31;0,40626936533853397
CHD;-0,0024682278421380775;-0,003567001019420807;-0,3052448188158364;0,004207049741744423;0,0013741312544704488;0,0004520075359026403;0,002229027863938921;0,41632887556933174;0,016065442302414825;1,1256231689247944e-10;0,16276227163513335
PHM;0,003714098684047283;0,004561565679313085;-0,2453473337092058;0,014339261003778792;0,0010548694793624624;0,0007012340674502479;0,011889180179053455;0,6887646134228974;0,21278970836751002;4,653941230456649e-37;0,4693334077479213
BLDR;0,0060592849907664505;0,012900780688802401;-0,24133666485531644;0,01516314925378245;0,004022037871396424;1,3695898443501455e-07;2,7619752795600236e-11;0,1408456607947906;0,2364520851041017;3,099368565851946e-38;0,5518147099437807
FITB;0,012991809789298214;0,005612743680568658;0,07519756239063924;0,01402381652556561;-0,002415792088023213;5,720376865608779e-57;4,45850637868055e-07;0,12920730111601172;0,5265106203334631;3,2459370336868104e-71;0,7865393713626687
DOV;0,0044234217665433985;0,000922745319454326;-0,009740291172837326;0,011812619546829063;-0,0005727742049922734;1,0052296007657181e-13;0,32856401458037365;0,6775927390937807;0,9245710784852905;8,992585596981973e-69;0,6863857074002373
GLW;0,004740183703040504;-3,12168701555259e-05;0,050631850545283796;0,01137945371837324;-0,0029469724595591407;6,496096528991915e-11;0,9786089262674191;0,08364477568529893;0,6899798029303807;8,123924524953312e-50;0,5750866278142437
RJF;0,006963305884983979;0,0031292946235834166;0,3858532793552701;0,010837061266321852;-0,001211955028580761;2,2787718637371533e-23;0,00365250067547475;0,4376216640157776;0,0010325202628061845;2,3671702163292336e-52;0,659013767723537
TTWO;-0,005144232545445689;-0,0010847835689769196;-0,008304791861078006;0,007061840981979349;-0,0009757242602576712;6,166763675631414e-08;0,4817588661736577;0,6645732321731701;0,9605819644619531;1,4575738018568244e-15;0,2584657183312249
BR;-0,001218653268044922;-0,0007940896217722484;0,10579939143336362;0,008344034023619228;0,00017894694578067278;0,04426952724739735;0,4289630414119783;0,9027599441987512;0,33381282553455927;1,3200347908506519e-39;0,46725371771659874
NDAQ;-0,0015153759987691553;-0,0018287646228260363;0,06726257478226895;0,009605404045782832;-4,789154814549329e-05;0,008979331185758362;0,05710895789194666;0,972690548873375;0,5198567520021857;1,4840415785994527e-51;0,5530778029848695
STT;0,007577712111336563;0,0001475165810953951;0,39136160830579936;0,011840382045951343;-0,004197679324327824;1,0932724170344377e-20;0,9064756532820775;0,022566792588941648;0,00450531886754774;2,1052992500304797e-47;0,6095868572253627
WDC;0,005995930661677814;0,0009705235450785665;-0,03847201269120759;0,015529055562877968;-0,004650516542928266;1,8883313474404623e-06;0,6363729371924656;0,121310886664245;0,8634821629715297;1,976887488792778e-34;0,4439978162327536
MTB;0,012172952448161065;0,004879435706726876;0,045133289353543694;0,009549501998429999;-0,0025980439659068835;3,277157022251712e-48;3,066279697314197e-05;0,12370524467646794;0,7197987473630914;2,5204471692100196e-39;0,6711888816830436
HPE;0,006639777092515695;0,0022133424199278938;0,05993538974220647;0,010729351394944485;-0,002010421390420473;1,4224555058385204e-16;0,08014766334402894;0,275462617138777;0,6630667264543302;6,449320068234858e-41;0,5500764260162845
AWK;-0,0010108165002604206;-0,0043913599900125425;-0,19744240506189956;0,0093705441604285;-0,0005893691670442575;0,143819682111425;0,00015467519397806777;0,7248791981310548;0,11510663311417169;1,386576772075031e-38;0,43000141500052236
IRM;0,003755261132432662;1,2182543087066325e-05;-0,3616952388773563;0,01004280017969872;0,000658040552688784;5,03723158158656e-06;0,9927698025658493;0,7373916518991402;0,014054802765556042;8,94488894368437e-34;0,42178778846608234
SBAC;-0,002650790432547291;-0,004197977139781182;0,050031806124551575;0,00881354822863669;-0,001049823953041781;0,0007234171725626531;0,0012623709927054698;0,5775209821001691;0,722224263818392;1,949651240506219e-29;0,36969601581953637
GRMN;0,00022359302973046897;0,0012269691730141755;-0,13710996948233078;0,009531154452093404;0,0005128091617774465;0,7165269546416233;0,23100483398293029;0,7313461671119057;0,21954425476130257;1,3437437936088493e-46;0,5211778555227284
ALGN;-0,0018899851625767475;0,007801935229683959;0,3235650818528399;0,01676176230254291;-0,004040684663789404;0,1756094083638397;0,0008409566196105761;0,23240486870797175;0,20048212962721348;3,332796651898074e-32;0,4456482125311515
DECK;0,0012369198548633554;0,004927738748515672;-0,05777438726648379;0,010840837607072405;0,0045667477323653675;0,25500934783528817;0,006620995789310357;0,08359762385376673;0,7689282438920158;4,178199265677045e-24;0,3444165880018981
DTE;0,004437915433642755;-0,0027479203191963873;-0,19190283917813622;0,008104352131720397;-0,0008113466567833299;5,528715334964948e-12;0,007927295724848175;0,5891535375495056;0,08787756498420518;1,4665693120153298e-36;0,46529453102972174
STLD;0,007167679216748611;0,0065403702785685296;0,14083870386479314;0,011042979375116009;0,0005082927325379136;2,108197072752899e-11;0,00016154251012058304;0,8389673956689773;0,45108680393685285;6,560887560771267e-27;0,4503426647403542
ETR;0,002961139437667762;-0,003523353226897347;-0,19357234260810113;0,008837963094681977;-0,0009124159630227707;3,1785629904725834e-05;0,002706334901877375;0,5920156219356132;0,12855049688672623;1,6173102761186196e-34;0,41394216194526545
HUBB;0,0036231222170711947;0,00111052208516603;-0,0512204137915534;0,009993719313633458;0,0007164672336405559;3,198257022200939e-07;0,3357977808173854;0,6703366624097016;0,683653842594569;4,5772889296413945e-42;0,5107820028303586
ULTA;0,00520469927580672;0,002453281485699685;0,13866560098980363;0,011582711278955169;-0,0004916210938584375;5,760506949922246e-06;0,19141513059970477;0,8574657928680745;0,49773889191680254;3,581433982322893e-25;0,3714193034850394
PTC;0,00014930561255799312;0,0023148340768826977;-0,11419316348795201;0,012010568583261064;0,000762888265295483;0,8568180622103825;0,09305108325145797;0,7039157753810424;0,4464092747088152;1,5798111895362205e-42;0,4962266509527308
MOH;-0,0011537284385076292;-0,002532695968453254;0,3183447336472638;0,009586593053155401;0,001629325510630737;0,30460318869366704;0,1753193126457924;0,5498024747100112;0,11830488645654647;9,524730487203864e-19;0,2576026360788478
CPAY;0,003358671078570987;0,0015058869770889398;0,021768769621706832;0,011184029912094136;-0,0013785741405708152;6,40333882592194e-06;0,21627423669534676;0,4376941654701123;0,8695989185316069;9,40767609484331e-46;0,5384940033442012
NTAP;0,0025758077453238836;0,0021578584628127928;-0,004210158678321654;0,010795624102573148;-0,001115935345169939;0,0028145156177160056;0,12998329177364656;0,5910276935398262;0,9783394018033484;1,3682839794993638e-34;0,44112946951061016
AXON;-0,0035117452878735134;0,010330644574734777;-0,11267571080039075;0,011681279741515897;0,0048800005132659165;0,010327279528154269;7,13068545167871e-06;0,14031784643936895;0,6479471600302811;6,905110990597766e-19;0,33070524034684046
EQR;0,003981358454175936;-0,0015462708340409563;0,00790578942587318;0,009830921438019466;-0,002352070934743935;4,656142952367989e-08;0,19124356359760844;0,1732611480139321;0,9510561222365719;1,2141448640240827e-39;0,4846395961158887
IFF;0,0016987040994347784;0,003907506458180455;-0,015904964799371285;0,00979942746018804;-0,004293046564454344;0,058752007063627314;0,009071110682258368;0,04897858223772567;0,9219545615203752;8,424368747318059e-28;0,3849576447354862
APTV;0,005698322800078982;0,00600614853877942;-0,052911699795038694;0,015384568366892844;-0,0030855479706127743;1,175422034847109e-09;8,560325812488749e-05;0,162145410087173;0,7478678963386697;9,950581797149513e-53;0,6142896485381876
BAX;-0,0009654954421164596;-0,002298247318889751;0,17595085630274745;0,00645047220574219;-0,004053080965026063;0,19960194552528215;0,06653673131568567;0,02682623550519757;0,1969301797954716;6,672382955119288e-19;0,2552144400956592
GPC;0,004917333337748976;-0,00222064520181349;0,07876722491813062;0,010895154167669476;-0,0015132101297586483;9,676297785962326e-14;0,03480711684819003;0,3230896635405789;0,4908377563478924;3,778532614289487e-54;0,6032073881428806
CTRA;0,007583980307471583;-0,003143480192230114;0,11753726480576732;0,007082650345522953;-0,0022599275283673474;1,5909570242428432e-10;0,09965638531230418;0,41660156089229294;0,5714953599288104;4,465365650844665e-11;0,2410362653352991
STE;-0,0007249686590117798;9,896025410677332e-05;-0,025589092156644982;0,009521335236056454;0,0007080944357752481;0,3106593179340684;0,9335737539276217;0,6828798417120405;0,8432796691628024;1,4971221826167066e-37;0,4437157140387783
BALL;0,000749273154753855;-0,0022764606883559036;-0,3252794900715672;0,010315489796339809;-0,000427912536286215;0,3757807841046247;0,10589730452935044;0,8347106783383595;0,0343332043724622;6,632212539996308e-33;0,3794958262014023
ES;0,0021325362100049405;-0,006087940211257473;-0,23952787988339033;0,008519897730086014;-0,001588284002915398;0,001678389208071426;1,0582996808938379e-07;0,33114265388976094;0,05026083257873206;9,147067765266092e-35;0,40982618623135647
ILMN;-0,004928438561172174;0,005909310422173915;-0,22189829157900676;0,010919664937771197;-0,003692773495516331;9,16181446237546e-06;0,001258505510047544;0,16440027015074435;0,2630008839114626;4,110999392817011e-24;0,3746501714652838
INVH;0,001938963584906765;-0,002479030899092664;-0,18925446003927154;0,011644738047023054;-0,0010071303220784205;0,009049583320316485;0,04413952641395238;0,5741694001179484;0,15797468560237932;8,541829679826403e-48;0,5147867507681856
BRO;0,0007610426189296735;-0,0025042148934299535;-0,004031278800602042;0,009383774525770855;0,0009140141459122089;0,17220175627114448;0,007116747703034307;0,49858133346029965;0,9681100052028122;2,0538101670210405e-52;0,5499871555818908
PPL;0,005820012275927787;-0,004312448775815143;-0,11559869328646138;0,010340660506283936;-0,002495756815934085;2,5398416951113603e-15;0,0002379779806808443;0,14138710476863509;0,36121374717450205;9,350780543237142e-44;0,5334885258382901
HBAN;0,013832142316741668;0,006330979324135249;0,1142377387189002;0,011047912973355545;-0,002756356188435188;2,8859765038569213e-64;5,52312308597304e-09;0,07445063716575642;0,3213493787600558;1,2172529137074728e-54;0,7660064678667304
WAT;0,0007251130845549104;0,00095846152866293;0,14717532710418518;0,008504759944431627;-0,0008401976095227255;0,3444245319942587;0,4519053878743512;0,6513371973346219;0,28954736921834473;1,9119780468645089e-28;0,3747585515652091
FE;0,0024864693125705266;-0,003269115138480546;-0,15816715046671814;0,007720296538733856;-0,0009060561734940483;0,0024382616556543084;0,01618625470776356;0,6464599368171229;0,2840342036155595;3,4111153940032816e-22;0,284865491808201
ARE;0,0015102289999503241;0,0005873341894305742;-0,09469655861424706;0,009851160597931272;-0,0020825181131690256;0,026266133475301108;0,6016282973457228;0,20522784791322315;0,4401566875599382;1,0735684186924555e-42;0,4914401174021612
COO;-0,0018285673022944374;0,00036392103411953675;0,1315404072578334;0,009928766558207392;-0,0011714001226069417;0,007112421001863193;0,74576048831362;0,47474895431693687;0,2827588996775971;2,5808966809484452e-43;0,5081122913625722
TDY;0,002168267282114995;-0,00013328004477166413;0,08757990000394573;0,010970681155202867;7,076668181760779e-05;0,0006911275700426194;0,8991817231573764;0,9632404943996437;0,4452580723979651;2,1230107969943697e-54;0,5856218609738706
LVS;0,003346456651211368;0,005083823474050509;-0,04344232996744177;0,010269758704898779;-0,003147596668294374;0,0012689128992657871;0,0031734569180932575;0,20810388792663925;0,8158268141677455;4,6334053331328946e-24;0,3610371661245544
CBOE;9,534904970115642e-05;-0,002954111095311346;0,25290271029022715;0,005999240270234012;-0,0011421458513024845;0,9066970859742972;0,02949737487591814;0,5628174887323351;0,08689677399000137;8,936765940873578e-15;0,20907387227312013
VLTO;6,344086119723148e-05;0,0006255423201492049;0,023854097757534484;0,00014176008737883865;-0,00026296969070400896;0,7091358069836167;0,0274673120703635;0,5239185516083251;0,438961839001181;0,3572642693951781;0,026280449664656258
FSLR;0,0014521444588432462;0,008796614378901797;0,014313409725757481;0,009679880380782456;0,0008011243677002878;0,31151561428783164;0,00025997291238330603;0,8178069257024336;0,9560490973487089;8,52030250976969e-13;0,23284578970316594
CINF;0,005655022151076324;-0,002432982318895953;0,15110241140343791;0,009149520280075575;-0,0013562080116130465;7,916057267335908e-12;0,06641603498155002;0,4822719010723564;0,2947742068084032;4,548948024902607e-30;0,43381922298975717
AEE;0,002189764975805422;-0,005291587797101458;-0,3112391229079158;0,007338311813774448;-0,00040730421509103574;0,00038716565040890905;3,333670313254907e-07;0,7833704391856099;0,005186273075276922;3,811808747056509e-32;0,38748720975116613
TXT;0,0075816074325483675;0,0032940569685339384;0,08765981867821357;0,012526060189681106;-0,001748669180599914;1,1068326640902178e-24;0,0036284231625960473;0,2872147594217847;0,47479350266551823;2,48362116641903e-59;0,6791564183338061
MKC;-0,0013607569113382846;-0,003726289615539764;-0,1684815205949115;0,005912414531282138;-0,0003930090292629529;0,06203658730192637;0,002211632671043709;0,8236800720858869;0,20148958474419076;2,5442590747585764e-17;0,21808106783144265
RF;0,013104358928774786;0,007529033751328246;0,15314653678130707;0,01251579650359104;-0,002295333994758966;1,0690506008447113e-60;4,57549568966586e-12;0,13349569924943328;0,1799361523301168;5,128512524533765e-65;0,7875605516474871
WBD;0,007754847716224126;0,0086337891704246;-0,24520334812315647;0,01087494271788025;-0,0036245479602059023;2,832649769129249e-07;0,0005006001883369929;0,3124262823750244;0,3601177995251975;1,0152037918110432e-14;0,2934371747042466
DRI;0,00573936670433191;0,0026516046018692846;-0,1451343095139454;0,014387469143238532;-0,0010548197513462138;1,777636638077639e-08;0,10873034212821395;0,6614021093181173;0,4199068563803078;1,9536689508712708e-42;0,5215140477160691
PFG;0,010087043896109989;0,0017953381622359851;0,10506277729489838;0,014395446262742145;-0,0028438131521971648;1,529156697726563e-45;0,07219813475746359;0,05116004267365442;0,3335772194874219;1,4802275549638772e-81;0,7863362075959952
J;0,002921328179079273;-0,0011471342096383975;0,10933413146298929;0,010178747473981394;-0,0005525139119554772;4,465710067960059e-05;0,32853858447662165;0,7469741110880772;0,3928791069429264;4,0112619636437793e-42;0,499072970414454
OMC;0,006497936912486341;0,001396315102374251;0,11583115183314448;0,00834163458997856;-0,0014878442506481445;2,1165347566922571e-19;0,21327350604279643;0,3632883507695025;0,34332811590151313;1,3339708188460963e-33;0,5140295556873653
NTRS;0,006349345964291967;0,0003132070040289188;0,30593040714951963;0,011262328920872557;-0,0037550435893614073;3,216664140414865e-20;0,7691585738454969;0,01642285906893875;0,0089199471989549;2,8581184517000333e-55;0,6472672331809595
HOLX;-0,0010854164208209045;-0,0006377398141571564;0,010368673548301996;0,0091143576592124;-0,0007440370866790705;0,1774679486512516;0,6330468813421328;0,7027267942354745;0,9432226662173793;2,0298988499582942e-29;0,3648601264985898
IEX;0,0010593444515086526;0,00082019778929029;0,18319906672013017;0,008808826214566001;-0,0010121317601079706;0,0367792745012414;0,32923864769056;0,4093620083547107;0,046140806965457644;8,397298506713265e-55;0,5988228620094245
CLX;-0,0022190145496207916;-0,003645968326353133;-0,3546564562778685;0,004158713880886125;-0,000598336700449902;0,005511005314427985;0,006057111637671032;0,7562047586453093;0,01420031700780668;1,7445502602952442e-08;0,1258077516532441
CNP;0,005190681284831035;-0,0006662806510243568;-0,3061714218499417;0,010508119614123422;-0,001513366330002692;8,202302846019091e-10;0,6246843807307036;0,4466122196217356;0,0398284826774572;1,8191980727285952e-35;0,45290599228919093
LH;0,0020995909940858216;-0,00029226893196432823;-0,1983201529886527;0,010596016665964972;-0,0004923983575519115;0,010963437070519477;0,8303790366353673;0,8047156637069595;0,1830205330206431;8,327172232459173e-36;0,42556028444542615
JBL;0,0037815536672764554;0,0052065054277931795;0,03173935232383582;0,013068571852716176;0,002104191797189751;2,742508083984744e-05;0,00048266667351792836;0,3294151369118544;0,8437310242678943;2,517959917303637e-43;0,5410564634196358
WRB;0,00634952409492464;-0,0011823161764334467;0,05642135754198793;0,008050500831261881;0,0007292380590136068;2,2742203990603882e-23;0,22577941019333436;0,6084033054206575;0,5955795980355675;3,3262594298653385e-39;0,5514359450024422
LDOS;0,0031156013367616498;-0,0034389835666790427;-0,25386911505473225;0,01060367041291956;-0,00022723385882816318;2,9845213023727282e-05;0,005191573133885293;0,8986792492117448;0,05754331117875714;4,2442252696427906e-42;0,4758128095829355
AVY;0,0037897501718747;0,0009353759881896315;0,08579392046088238;0,010512147711580325;-0,0008260541699874968;1,0495251078677856e-09;0,35039489332722207;0,5719062244370141;0,43194722894646487;6,526813563393525e-55;0,6101580176256806
EXPE;0,004264285011910697;0,007337867186165532;0,2725118298200941;0,015616378534251893;-0,0033058616142373457;0,00015505714186852176;9,081707052642405e-05;0,22178541807084295;0,177597546615883;1,952490771561968e-40;0,530923897766906
SYF;0,011146630131827678;0,0035738979726939067;0,010375176240486561;0,015877414026911982;-0,003254383637730083;6,544848446853775e-27;0,022973517962636275;0,15496413809310833;0,9515106084805657;2,0580645590649007e-52;0,6473897472217447
DPZ;-0,0026425658071782404;-0,0002014471335167695;0,11353657218602412;0,006738633004336913;0,0001991302561308568;0,0021571476979525416;0,8872288182804114;0,9234897703291663;0,4636393217916479;1,800177140554073e-16;0,24143259858559962
TYL;-0,0062963171192423105;0,0015514817065701556;-0,08674750926643107;0,008908443465512039;0,00045026911360408365;4,5804344870279135e-19;0,15813244533811402;0,778662747761713;0,46859714834744326;3,1469445801208623e-38;0,5322307501386243
VTR;0,009675928166840719;0,002388847919214405;-0,3962515528152643;0,01362301935625608;-0,0022766523994279656;2,752423534105156e-16;0,1992703395686352;0,40160302712092666;0,05120451689216565;8,050214037297e-33;0,47864372469310357
MAS;0,001363079551222131;0,0008563210335915704;-0,09457554354131795;0,011253538799489815;-0,0010426756840934723;0,07109300726003039;0,4940475966051594;0,5682981155077794;0,48839972989539693;2,5274792485049064e-44;0,5046040641587666
ATO;0,002144391603854118;-0,005219857161502292;-0,18786238669614586;0,007153356927926512;-0,000345814715383996;0,0003169262954989052;1,8534861967257348e-07;0,8088119198897077;0,07915116515723615;1,1751468582360914e-32;0,3960925878093918
CMS;0,0015883595611777795;-0,0062949433768638785;-0,15463734043270935;0,007340975810847361;-0,0008072391618936565;0,011917334507858032;4,625171071765662e-09;0,5964739765633359;0,17498501200351915;8,613785055657235e-31;0,3774463486459736
MRO;0,014828881520482243;0,006773013822237679;-0,07069811190583825;0,01196100688376321;-0,0009641516969336157;3,907219523590118e-26;0,0015416995085129573;0,7555316009959472;0,7598385791614747;8,924231006271888e-22;0,48012342817381204
STX;0,0018219171093879214;0,00033913369177082837;0,3028630244710605;0,011083712136286054;-0,0010657922039194888;0,06388171719373421;0,8351215900843265;0,6540987942561771;0,08891861308708147;2,8456426614802466e-29;0,38892184328385115
EXPD;0,0005334778780486524;-0,0007739412486216634;0,07092490421041607;0,009445728217060037;-0,00030787301344209874;0,3780061144426944;0,44145146718205686;0,8337657461148286;0,5175194647762265;3,4719599268458076e-47;0,5233851116733503
PKG;0,004222126311174168;0,003018216294526442;0,10501627665344491;0,007278312349280475;-0,001115927345233865;1,1706744879751173e-08;0,01216350071811792;0,5233557517112701;0,42140647540390175;1,5438735948016593e-24;0,3975401811931737
LUV;0,007960787489278571;0,00579872617380701;0,20595040653247088;0,011059702199602145;-0,005252838516353141;8,196720173509367e-18;7,616158978797487e-05;0,013342740385870737;0,19232233303557095;5,897699003311283e-35;0,5433162252181394
TSN;0,004248313421418089;0,0004001831629006341;-0,24703044127421697;0,006726955152705078;-0,00228557208737564;2,481079033836737e-07;0,7650244345609667;0,24269097286152028;0,09128237321569706;4,3933218250031686e-18;0,2825873963255967
FDS;-0,001998741975983546;-0,0007263874051262346;0,0675586104043608;0,009474870586599966;0,00028586581234353337;0,0018294052908134327;0,4922325963428865;0,8530490640495626;0,557885807361394;4,061876548879582e-44;0,5058109662714247
NRG;0,003640458909780421;-0,000492373287720244;-0,2878778039725393;0,010771375012648509;0,0001383758213801356;5,205839452829417e-05;0,7385814708202447;0,9487612857507848;0,07419100605724228;1,2581356684977283e-32;0,4055523573752532
SWKS;-0,0005356261820146678;0,0033484007552076864;-0,22949751491219794;0,011399636948614098;-0,0017448069097526179;0,5084148714718404;0,013278226705726775;0,3746104128208507;0,1183884266653149;1,0617155617238883e-40;0,4871054342344697
VRSN;-0,004690652137421091;-0,0025324829187534283;0,0003923376859175792;0,00890923697057594;-0,0004871895072695658;1,8519327305876614e-14;0,009363889052864456;0,7305960367345432;0,9970372930402425;9,842769378313254e-46;0,544732484732934
TER;-0,0020903110317734967;0,004823036113339386;0,1766148254090046;0,014142777243881834;-0,0008596887939855103;0,04320663154898247;0,005133853105627006;0,7309165703971079;0,34445115124539993;3,2669466988157396e-39;0,496131313906215
EG;0,005961078097376071;4,8416530370556086e-05;-0,06578221028590578;0,007450660647605464;-1,3505175614128627e-05;6,065886010004212e-13;0,9707029389599576;0,9944001033504091;0,6471953625862297;7,378544402194791e-22;0,3662426203672018
CE;0,006675003676474788;0,004536773007718277;0,07644828901257637;0,01207319406074385;-0,0014965233334725055;1,3375176183290777e-21;3,2601577537661116e-05;0,3413279565643482;0,5149785270209857;7,449280303644221e-60;0,6822619063481534
CFG;0,012923810629994181;0,005243320359252979;0,12514599965376128;0,01339011801147276;-0,003691602511479923;6,979403209907613e-60;8,222603265827807e-07;0,015761541000704603;0,2713066478214206;5,696538022353277e-71;0,7911658271037403
AKAM;-0,004324034323729375;-0,0018258116643619419;0,07787809475644483;0,007978904976777897;-0,0004995180481213481;6,9036959341302265e-09;0,13093038463206885;0,7767028267462829;0,5538976680889495;5,134471127818196e-28;0,39074226937905776
JBHT;0,0024070361890019326;0,0014480315069325728;0,00915905545830499;0,008804552366841138;-0,00032601010712739404;0,0007653064933850877;0,21944045405969986;0,8495898682977985;0,9431273448560302;8,169847304133691e-34;0,4346297589805118
CCL;0,010674266595611678;0,011613243427651281;-0,4734165114662142;0,019579705043158292;-0,006640447098747746;8,836626187523379e-12;5,009285681933404e-06;0,06967878375681585;0,08327062744406288;3,137162732489973e-36;0,520093195162932
ENPH;-0,006763082948760472;0,019703984190598475;-0,02822063727622809;0,014908267231198157;0,009602022025061777;0,00188639585234621;8,177454692412876e-08;0,0674928925219832;0,9424846534442144;2,855786916715927e-13;0,2977484432286367
ESS;0,00352025913212086;-0,001220314602081902;-0,13708395127161835;0,01024312128821406;-0,001905921789228852;3,1472719873190062e-06;0,3226640593958965;0,2900023592206302;0,30816205319092704;1,4850650813968804e-39;0,4705465012369946
BBY;0,0008904990229242234;0,0031900236046945307;-0,1467810668203207;0,012833170090202892;-0,0021094956394288227;0,3289549522231924;0,03585861525314215;0,3403669370068473;0,37434092397587937;1,0622450625384384e-40;0,48617488785621066
SNA;0,006821700287288549;0,0036145358051540644;-0,15027986322552903;0,009793304567263746;-0,00011841244489087656;1,3236126900210268e-24;0,00041761358591173406;0,9362304950612302;0,1746063149628245;5,243257417593566e-49;0,6279996694937278
TRMB;-0,0001548465020269126;0,007511502474635537;-0,006829308748253493;0,013251836001682197;-0,0022039787216879244;0,8407080705043966;1,1170282404563518e-08;0,2387557301915125;0,960971914351177;7,40192498066698e-54;0,6210903167331654
ALB;0,004908554616894009;0,008409941919258255;0,09970910346520104;0,013932680684394618;-0,002776019268369192;7,708247467389695e-05;4,646476417689144e-05;0,3508411487738473;0,6534818685793149;1,616441822412231e-29;0,44176678866723906
BG;0,005981716069964832;0,001502916412005307;-0,02811600156390623;0,006940396093050067;-0,0002759720661911141;7,422532203215651e-14;0,236716495902611;0,881538038026531;0,8389168946874357;9,60215388269347e-21;0,3737013074842329
EPAM;-0,005747139133381004;0,002141546072466544;-0,15250547510531545;0,014134059353572277;0,00014078406459524379;3,5403624050521165e-05;0,3473420516777116;0,9662153764497119;0,5391156783222572;2,286855418825491e-25;0,3529278459179612
MAA;0,0026680661508956885;-0,0024799894429554828;-0,10203890629150217;0,010699198875556828;-0,0011784908539089313;0,0002205869753749413;0,03732691615320114;0,496492603163054;0,4305426818678426;1,7185498179960583e-44;0,4984381116583958
POOL;-0,00335938632118516;0,0028042565480949615;-0,14860840964217242;0,009841115505188168;0,0014600326171896856;0,00010583652279011141;0,049375412105540396;0,48208060370968464;0,3382147904961871;4,7783229774751625e-30;0,4061309845484944
CF;0,009505928182977068;0,004411834044589257;-0,10631407489319006;0,009223265106665535;0,00038376234944449;1,6563236874597714e-16;0,015320974445133372;0,8845615038023764;0,5902756063906556;1,737110456783286e-18;0,38412807950301997
ZBRA;-0,0014561890489122715;0,0053604349421087875;0,23674265124630323;0,01236371619230819;-0,00045537928013432037;0,13857797367069383;0,0011204018980475808;0,8482988016936877;0,18362282372994526;1,5643861842053624e-34;0,4653369512738904
K;0,0009183592080390893;-0,00523448369879534;-0,10501782776855587;0,004364818812848323;-0,0015560904281581905;0,16118999327822583;2,290056962973494e-06;0,327309322347618;0,37600266729547416;1,5235606730456543e-12;0,17940135185987627
EQT;0,008260472917397751;0,002291803142945148;0,15171104621879286;0,0076691195341895965;-0,0012720426095341568;6,0503777448414335e-06;0,44258728365868816;0,770214177138869;0,6409283517134621;3,513778132876848e-06;0,14162683593387193
CAG;-0,00037985774474030094;-0,003149559631269306;-0,2861730436742692;0,00568469785644919;-0,0018316641090841764;0,6756638587666742;0,03748104751320525;0,40575275629144925;0,08257622828846778;2,543241019178231e-11;0,13578465989509292
SWK;0,004706782324993157;0,0035241810813283784;-0,031901780546808534;0,013271485568711033;-0,0045074657334161035;3,861910619708193e-08;0,011539602101463889;0,026691216553864982;0,8330148212794363;2,5010233936222306e-48;0,5715826316361345
NDSN;0,0016753408392789807;0,0026687603192338287;0,05823292267274904;0,010738048835085995;-0,0007427987184337734;0,0036469403889460975;0,005297438990652503;0,5926749153564368;0,5744312572979782;2,1691182640736334e-60;0,6374950373371926
LYV;0,003519831167890028;0,007009939740931434;-0,24174321257825113;0,014558874646219862;6,963833339268272e-06;0,0013338497547051508;0,0001273426603459299;0,9978941771153315;0,22048229879529158;8,636055853578173e-38;0,4914512833917555
DGX;0,0007668015728590906;-0,0005564724063849347;-0,12696311423828802;0,007755983687665993;-0,0005920876288524816;0,3092934444014504;0,6568215117392111;0,7460131752255814;0,35268267811082543;2,7803184372014143e-25;0,31381854200189496
HST;0,007374197230700603;0,008834594936095373;0,009830732985742663;0,010572537538269677;-0,00213605576412851;3,0932193123861257e-18;1,0424859853844321e-10;0,2684862309977829;0,9455812334190231;1,963707155881845e-37;0,5834148279222188
KEY;0,01430806064102266;0,005803956636209957;0,2070438504880803;0,013724176315248342;-0,004096184690317516;8,571770929624638e-59;1,157855057998722e-06;0,017025871247086308;0,10545430042175255;2,263446880726841e-63;0,7729911971006553
UAL;0,013140036006875437;0,008212787668811086;-0,23767729407278154;0,01747110322606218;-0,00434034520370725;6,470815045496122e-22;0,00011217386985020577;0,15753471463297494;0,29968315554436037;1,2680272476966456e-39;0,5738026445611912
VTRS;0,0034632054356554835;0,0036052255358783696;0,35190498761167405;0,009135218444593689;-0,0073934973841376095;0,002267740092653159;0,054706931618790006;0,007114755440769961;0,08520456445286084;2,909718445460321e-17;0,2887510041374689
L;0,0076329873695124536;-2,450875015073701e-05;0,13362625367704956;0,009554321231031613;-0,0013268071362923426;1,0586160612027027e-44;0,974396771390788;0,23445214967501837;0,10919602132823725;9,806803781831785e-69;0,7461941738797928
LKQ;0,007378289821481015;0,003304878196621279;-0,018295173499041188;0,01325488302224134;-0,0022582604485246755;3,011896098656129e-17;0,016203684914476536;0,2586066656470474;0,9023689630375265;3,2341723029186512e-49;0,6036410614388257
WBA;0,004267395353658493;0,0037936654964888044;0,14408758876531833;0,007267662467759767;-0,0052397311077329554;3,8853248576192e-06;0,012386843119474788;0,01789649321197325;0,3814312672523318;7,043773723137503e-17;0,3038241676753206
PNR;0,003142433802056613;0,0018851058638236816;0,038662856983715924;0,012670523422216941;-0,00159907138213863;1,7645112774687556e-05;0,11639546452039835;0,360891909098758;0,7672539581004866;2,045764155009803e-55;0,6037251606366292
DOC;0,00542165471348899;0,0007298853898283987;-0,28024309212616494;0,011084050643353565;-0,0024772487938362585;8,030563453918246e-10;0,6076846257048751;0,2330212180659115;0,07126654260398205;5,065228841090199e-36;0,46527811020284415
IP;0,006311641918452783;0,0030456151710684023;0,14050002489801683;0,008575259543421417;-0,0036860975804700945;1,6470036054751047e-16;0,01172821175100654;0,03634250592378696;0,2841484573920798;1,743209579388593e-31;0,49774919402387696
AMCR;0,002939828409960897;0,0030243932812521104;-0,24912992279221505;0,00694266088293173;-0,00165299105738538;6,099523284284595e-05;0,012352841624578897;0,346733159498982;0,058139451909482075;1,3051249584532238e-22;0,3399037177650738
KMX;0,0037568438870456762;0,003942939071912499;-0,1127103382279846;0,015155168497786135;-0,002701872330637565;0,00043014856023927147;0,025273032098180128;0,2920538319108464;0,5559449204019805;7,913796692844766e-42;0,5079843059494106
RVTY;-0,002361614958102634;0,0011977004845097473;-0,1477044888209522;0,009580100994528058;-0,0009004721555846638;0,0030831076472616135;0,3633343691036309;0,6394575656558772;0,30387102679857464;1,8750983882386532e-32;0,40825634699338953
CRL;-0,0022994566524503165;0,001696071428957914;-0,29041622640544307;0,013275526258653537;-1,9110809162571282e-05;0,007599357088513488;0,23389892931106382;0,9926597709852827;0,06195844242742034;1,092020513238019e-46;0,5244070219983872
MGM;0,007406914927319741;0,005004401131407092;-0,38422101672989356;0,01924186405571924;-0,00208434266780348;1,1839331168192094e-12;0,002781479652656597;0,39023558164464056;0,03449858317068249;2,0525380186287583e-62;0,6588024251478114
ROL;-0,0021819148603555156;-0,0016333345559641054;0,07578460049359556;0,006826793663045901;0,00029833706667671024;0,004898333149518572;0,2026618043060978;0,873169816637087;0,5872419579834378;6,617139694600515e-20;0,2702151918757808
GEN;0,0011083667692716281;-0,0009637375602971725;-0,5389487867224083;0,0076539315197155355;-0,0014349216320884341;0,34402917156153623;0,6203355325261313;0,613343720256821;0,011454991409993388;3,8070356560263555e-12;0,1538624072817918
JKHY;-8,245986092974438e-05;-0,0016867868227250834;0,24000483372256629;0,007539258314577254;-0,0015222272843849755;0,9042552160559276;0,13938472844868496;0,3602684916037394;0,054002904754368364;4,743778117445353e-28;0,3636863179453843
WRK;0,00874563409249831;0,0032203146002771485;0,17799010572262272;0,011036916023920412;-0,004190319240502796;1,6788064692068744e-20;0,027731875290256554;0,049559131488041926;0,26303540134881176;1,7588504597849796e-34;0,5333621583250996
LNT;0,0025531091183713978;-0,005526843309054298;-0,2287006197205246;0,0079139878834182;-0,0007417849955459569;3,168596702632524e-05;7,910357235765827e-08;0,6132570580899127;0,037564616195326396;1,54953692864243e-36;0,4330908320241309
KIM;0,011632972605858927;0,009236158480319178;-0,17993018220743823;0,010733393323453206;-0,0008857344131958907;2,450606731569767e-27;2,576576656495217e-08;0,7074947328475574;0,30779728320387467;3,5292603574731244e-28;0,5509046988637749
TAP;0,006162541710963157;5,236428719261718e-05;0,05465661306236788;0,00829201926941894;-0,002929166164833091;9,313321759660735e-13;0,9696218774041772;0,14513644985624827;0,7154149199582609;3,0823100650796653e-24;0,39228010201185304
AES;0,0036533968999542116;0,005031436698291428;0,21221767948851283;0,010402505196794464;-0,0009101529519981837;3,815214693377696e-05;0,0006085394117081877;0,6680367905945773;0,18118855061557645;1,228245545872667e-31;0,4588642242489266
EVRG;0,003143136195717149;-0,004401261050918259;-0,25724200688855176;0,0077624493239865176;-0,0012747400999867761;1,6229854548396553e-05;0,0002635900492253352;0,4644089634660412;0,04867719237085503;2,6098891667076456e-27;0,34893284765868526
IPG;0,0066924399105848294;0,0026036152536567467;-0,12243908436710194;0,012698640390751565;-0,0008110537952113914;6,292800275230656e-18;0,032299795597137866;0,6466003184251128;0,35430505510504795;9,334973654950516e-55;0,6301588403978093
EMN;0,0070752191569226595;0,005484640656419992;0,013819462954608133;0,012454455396162488;-0,002797004195272599;2,1136261563470954e-25;1,9440619764428674e-07;0,06372508475272108;0,9021057307015776;7,737436432241213e-66;0,718166149000335
SJM;0,0006631211475811975;-0,003880456183093836;-0,14243037207175802;0,003054633470360084;-0,0006890542970130242;0,3537714699736598;0,0011961971441549802;0,6910147122807497;0,27170167512664184;3,465468425800806e-06;0,08341393483368886
PODD;-0,005095337094576415;0,0039755243005284695;0,10184501899086687;0,010798855574965759;0,0007746333955663786;3,256863939016009e-05;0,048584261189615535;0,7917036509104999;0,6420290555701559;3,6785236055673417e-20;0,3196047425460924
JNPR;0,0012729057679590485;9,284634394546781e-05;0,3554260570391134;0,008568890161746029;-0,0028051135228408922;0,0538806084934361;0,932361642303931;0,07970813997172226;0,0030843642164640936;2,8951913869441014e-36;0,46771156635972544
ALLE;0,0030858837293632276;0,0008201212017932223;0,0796544766104558;0,011111087387692786;-0,0012719958573980113;7,7834715812088e-06;0,4674979578426659;0,4401247107756596;0,5173835513997407;2,47622762090513e-50;0,5689445860125097
FFIV;0,00018946451410212467;0,00532569475529027;0,11037732313477626;0,008250212987938025;-0,0013093630827438378;0,7957831174353567;1,619003819971342e-05;0,4610614988690933;0,40547664441967046;3,8953577947981397e-29;0,4284430756706884
HII;0,0052785652958016425;-0,0014894366360386378;0,04710801569450318;0,008750615952646597;-0,0017600585389851526;6,789150567086879e-12;0,22630789899934833;0,3271188797135187;0,7252723739198973;2,232014826722894e-31;0,4406486007306343
UDR;0,0042327232474670936;-0,0007357506261974137;-0,029148886370459703;0,01071299793940403;-0,002270232908679758;2,5164374607319433e-08;0,5500031531641847;0,2068225196991089;0,8279796309906851;2,4821595145332002e-42;0,5077640920884268
LW;0,0059304004794608085;0,0008984971019648488;-0,23156263834306806;0,00974404034718816;0,00045744565104093244;2,1217459248137466e-09;0,5739985874330145;0,8445078992785782;0,18434700014434455;1,1385568928776134e-24;0,3674191561482727
QRVO;-0,00024241828110483952;0,0049753660801786555;-0,0849782044372881;0,010037778099708908;-0,0004894706204657303;0,7918140847142998;0,0012272571746291744;0,8260833539787206;0,6095681631589815;8,806903844532859e-28;0,38754777084906955
NI;0,0034011117126667018;-0,003805297130085802;-0,040055803037722826;0,007389768810143117;-0,0015128116203194934;4,014414312673308e-07;0,0005578418228803068;0,34286055599195575;0,7364987506369918;4,839291398320602e-29;0,38384604885736506
CPT;0,0026836155205463294;-0,0016631079095540038;-0,2578297873371567;0,010493625407760361;-0,0014454433829833326;0,0001027199554567078;0,1432109019020035;0,38284538393844636;0,037691751814183175;3,667292202993155e-46;0,5089427406675173
TECH;-0,00517688049726958;0,004140281479904178;0,04488163522383;0,009695986016660134;6,699416848047904e-05;6,384556238001664e-10;0,002315403771944256;0,9728536920772981;0,7601944237467313;7,305811619498068e-32;0,4682581535499881
APA;0,01810635392891182;0,009832771101607775;-0,4930009700494751;0,018032029567925753;-0,002782690639935797;6,0688055605028964e-21;0,0010613977425025921;0,522107969252529;0,1294938842772816;2,1055279034673552e-24;0,46494793923037503
AOS;0,002931530373058843;0,0027230789992933853;0,31176009233345026;0,009537495775187383;-0,0020219368914501283;5,127146948703689e-05;0,022337191464061996;0,243679136516158;0,016472122502329965;1,151618939483058e-37;0,5033768880690117
BBWI;0,007599305625546187;0,005171367106341909;-0,4073322649005534;0,017022252553291956;-0,0022644105455761118;1,1814027619081193e-06;0,04319194280524669;0,5429385603251778;0,143411569716181;1,9280922635999856e-28;0,4009386974941166
MOS;0,011798057965729351;0,007011059058864937;-0,20015685125604177;0,011420630277981961;-0,0006996990803258885;3,922521293323227e-21;0,0003231638996963644;0,8037706270766467;0,3415803703369005;1,5484963631496092e-23;0,46568698189874114
UHS;0,005570253685056509;0,0009898251000161962;0,1418690253508309;0,011696103606734447;-0,0018698441156839154;5,436192051475053e-10;0,4934951809430951;0,37562336314482647;0,36809116913124873;4,523216819553806e-38;0,49913456887203134
CTLT;-0,004273589495212809;0,0026158313309878295;-0,21093632857149294;0,012842061566387529;-0,0023308446047031624;0,002644298008204917;0,26509709781798535;0,496032368322186;0,40952315422426633;8,789682692989958e-21;0,2928645310040555
INCY;-0,00283365171929402;0,001194370969864164;-0,19753754751924651;0,006584494140130815;-0,002801029711132063;0,005558603367576533;0,4792995130953356;0,25600206345165305;0,2833979147181656;5,5964762677579314e-12;0,17789885383779136
TFX;-0,0008116409897999642;0,0014920785597694864;0,03671510469881489;0,010868254992778643;-0,002767186299346946;0,33449517632399717;0,28575961552907736;0,17524798999465152;0,8094273954621999;6,449823600923218e-36;0,4411532622396307
WYNN;0,006834283137265321;0,007004798309871136;-0,6331690280555926;0,016712560797075164;-0,00372905041130331;1,09219035344646e-07;0,0008930924313547817;0,22202192314969002;0,005738007625395621;2,0974936843742115e-37;0,493497647573794
HRL;-0,0006159196253121136;-0,0015650354477981777;-0,07720528758185649;0,0023708099570596973;-0,0011281613251691363;0,36055329618227294;0,16247891743106785;0,4897904298725161;0,526810267066103;0,00012049369754612641;0,050214994624370735
TPR;0,00817594785160352;0,010254341748608828;-0,03503303021894033;0,014004908507617632;-0,0032736387314008628;8,50388814084891e-13;3,934981336225524e-08;0,21861120611303436;0,8599073092948695;2,726541149521503e-35;0,5367589612805858
PAYC;-0,004652115667378136;0,004522208236223507;-0,35600006611834817;0,013617801821718137;0,0005335541362855515;0,0003567183280566813;0,035489405172216534;0,8645554050188713;0,12823908133808518;2,5166517717104312e-26;0,3676938797338951
NWSA;0,0033729190322805804;0,006146102674040017;0,1241424080135003;0,009109632905674417;-0,0010428906148560115;3,147604046316699e-05;5,323335952729024e-06;0,5905313024409791;0,39128593507751597;1,1467352180648701e-29;0,45575834704765317
REG;0,009376275813031711;0,002409672392148345;0,0019133987650217232;0,011159280134781069;-0,0022269155716926527;1,0813175523733872e-23;0,09209999801275955;0,28554048325493303;0,990188051435053;3,641044789645325e-36;0,5466570758483813
DAY;-0,002697104032322203;0,00668669587271453;-0,3873214396252511;0,013460778184993553;0,00032384219273631234;0,011929072503569888;0,00019316069524782353;0,9004430103799409;0,045833990764506484;1,35346783694077e-34;0,4584633953785362
AIZ;0,0056801764770811804;-0,0008178351650900811;-0,23360171157563334;0,008449007366512856;0,0002993817792886779;2,4906126319265024e-15;0,47032411889949854;0,8562638189523148;0,05916557614648187;1,0239050293343435e-33;0,46685010878148525
HSIC;0,0045745919147134;-0,0010173241824369562;-0,0259764516349896;0,00906215740040758;-0,0011156666587424976;1,5475473340828084e-09;0,40519100756808235;0,5316105199092445;0,8453350471234435;2,0006482060510146e-33;0,4423445383851182
MTCH;-0,006532425136344001;0,003998153874231439;-0,028303630118050066;0,01293677335298072;-0,0026434330151483177;2,4825886305705976e-06;0,07807578729989341;0,42387733097841274;0,9086759214080893;2,9619998828338883e-22;0,3420011795655412
GL;0,008507966416796891;0,0006213344670696762;-0,07931879156998961;0,009629395537303895;-0,0008747128001465052;8,486774138734571e-49;0,4373259835605696;0,45376305004750517;0,36313783385654086;1,4740929950232812e-65;0,739509516222763
CZR;0,008786581166087968;0,010849347153448263;-0,4901286439628819;0,028353363750295242;-0,00314010712317861;7,76117463860667e-08;5,488708982467766e-05;0,41785649522639134;0,09100616129416605;3,56945327226921e-56;0,6252411279192789
AAL;0,01169804278443355;0,008873592156963131;0,1001160665971924;0,016695273813730628;-0,007674197958764083;1,2412708446316629e-15;0,0001414121613155505;0,023076620202320222;0,6902454852433962;3,0122043151495883e-32;0,5085383096640514
BXP;0,009447855753971968;0,0031367566815947894;-0,030043615099125523;0,011037806185465775;-0,0040416680716322175;7,080326970801934e-26;0,021658029554889734;0,0424610831177309;0,839432936886478;3,2443361008624993e-38;0,5709018358309659
CPB;-0,0003853214447841626;-0,0062085500531728855;-0,1387434911800853;0,003030686556743792;-0,0010950726027538593;0,6340683346103748;5,653631047290187e-06;0,5770592956084724;0,3443392873272041;4,4621593350524115e-05;0,09152256466882425
MKTX;-0,006232704655172718;-0,0017334026860796432;-0,2617843693675002;0,007477556643591185;-0,0004249242442737264;3,9075736477844214e-09;0,3110098134453908;0,8647864797171213;0,1607807096562092;1,9758022092028966e-14;0,25022459175089484
CHRW;0,0012760112495446819;0,0009813942073269109;0,03115775792136362;0,0059201067408589355;-0,0016955560885119202;0,10854610320991097;0,4569042385450368;0,3786304536031996;0,8283988258863716;4,65109945898365e-15;0,21544163776376224
PNW;0,0031273736677533094;-0,0034398818489556017;-0,19902042953144722;0,008208615054568026;-0,0019574941541253736;4,508106197922647e-05;0,006509192184556322;0,28631068786584574;0,146953584103468;1,7402960718347105e-27;0,34892445164622177
GNRC;-0,0037720588502561997;0,00603624199082735;0,10388601045290932;0,01354773116567342;-0,00036084136562327947;0,002496345913687901;0,003575023139001088;0,9043664174693793;0,6433106153237279;7,929332727287086e-28;0,4002253856527044
BWA;0,006833737242364194;0,004540148379030126;-0,15100996664140867;0,011804472238147394;-0,003030074647195157;9,973474715832386e-15;0,0012631128153603216;0,1377709932071907;0,32151405035471886;1,4171462493856663e-40;0,5468124835784817
NCLH;0,012394416212274231;0,015421633094328993;-0,9084412738464926;0,02079675603468413;-0,00484100911421404;8,049566242487183e-13;4,8131033841180615e-08;0,2295567874701327;0,002696929179996782;2,848744856151619e-34;0,5219398754480251
RHI;0,004340087545298396;0,0027562401093868968;0,23686630142753629;0,01085771163446373;-0,0014937651321292014;5,431041201172422e-09;0,022437216522309577;0,3949149386573163;0,07145806710902028;1,3149793485302344e-44;0,5610777517583984
ETSY;-0,00969475392516704;0,009723291019509646;-0,42877901389575745;0,01745838134619932;0,0014086493035236221;3,0444536974971795e-09;0,0002686733592232266;0,7146881924695662;0,13690882101460855;5,063263507923585e-28;0,434999244718005
FOXA;0,00606594755278277;0,0012003593866648735;-0,17831902834448182;0,006965512321455492;-0,0018959094911881749;7,731979836731281e-15;0,3309281465198546;0,2928390160113384;0,18549254315119856;7,991343840245653e-22;0,38235350415017844
BEN;0,005462034620819097;0,007901883862084812;0,11706716163302916;0,010468596835593778;-0,003617522911538216;6,719880534469113e-12;1,6495030239572192e-09;0,052085336781459504;0,398801034500885;5,177964045450041e-39;0,5699803125131788
IVZ;0,0091313063915258;0,0075310097496691375;0,2366831164938377;0,013800002093138156;-0,005596148488226663;5,40752061659073e-25;4,550289727751735e-08;0,004592570387352521;0,10691630181993211;2,77266553819029e-53;0,675286289347904
FMC;0,0047740673175625855;0,001947628168576122;0,005029586451957502;0,010542406497361129;-0,0032626015845753416;2,7190000247800995e-08;0,1622580321425546;0,10892008544588908;0,9735480542137662;1,6720863148021855e-34;0,46311523498340357
FRT;0,00824182204965032;0,004988594333979321;-0,028869160133477262;0,010603606915362513;-0,002738819893553895;3,6004032027904824e-21;0,0002471524337406417;0,16403280502779877;0,8440511452308058;1,4488388349985895e-36;0,554702665145389
HAS;0,0033961775317617408;0,002936130352124847;-0,19341813116619605;0,0108830857612007;-0,0038265741410414516;0,0009330464743555804;0,0830478244961146;0,12153653396060614;0,29416767396720694;6,982743865308947e-27;0,36758140805565276
DVA;0,003086617223672055;0,0009132431905900717;-0,0961481250049731;0,009055654933750176;-0,0007957244789362483;0,0027758765671738006;0,5916715124348891;0,7487739041753787;0,6044127213257782;7,777434809113126e-20;0,2777275038258703
CMA;0,013817087559561535;0,007016653405925629;0,13762507183306166;0,012698034437788542;-0,00408639524358995;1,3228218727503996e-45;4,6091299361375835e-07;0,040648275628695524;0,3546291692818716;1,3111437565465518e-46;0,6954352271805031
BIO;-0,0056738536288493905;-0,0002949443512890664;0,06640009894602399;0,008764703515441005;-0,0016971708537766661;6,038901216375471e-10;0,8416228499655002;0,43107500361365114;0,6798926521576268;1,1896853484577586e-23;0,3630882621272614
RL;0,00710426623760302;0,006911275563562545;0,1401252893312476;0,011474095383711596;-0,0015820001226837372;3,5300721034394367e-13;1,1950527325271969e-05;0,4856551060483344;0,40836489334870474;3,445065052406297e-33;0,5145085803415894
MHK;0,008708911472236267;0,005848848817860101;-0,06586186763656127;0,0154044211934621;-0,00603750634632121;7,858280215545748e-12;0,004308231074622193;0,04281477468846487;0,766599384637662;1,8977558059463513e-34;0,4921143783208769
