;coefHML;coefSML;coeffundflows;coefrmrf;const;pvalorHML;pvalorSML;pvalorconst;pvalorfundflows;pvalorrmrf;r2
MSFT;-0,004908535544895702;-0,005378312742034011;-0,06048631989896211;0,010013147514544433;0,0019254228078695171;4,338684051845894e-19;4,9733077199609805e-09;0,1783555119557634;0,6031924417563153;2,195557951863743e-52;0,7258674885902119
AAPL;-0,0034040104068535837;-0,005617789719044375;-0,17687308440223473;0,01151946451031896;0,00244500563142555;2,523494308860551e-08;1,8866409254475136e-07;0,14864887637624474;0,19953638765052154;1,0128344414289569e-50;0,6879902866536054
NVDA;-0,008548989544760856;-0,0004251050016619399;-0,11618020252746741;0,015077756179298333;0,007133771391710084;1,5309075912702177e-14;0,8164855150141174;0,016951292011453553;0,6309202506512701;4,8041731410816985e-35;0,6094183195784567
AMZN;-0,007580120209590565;-0,00097910964047564;-0,2861605280901254;0,009540701530900284;0,0009878422163373216;1,3945456152709062e-17;0,49570227938806366;0,6711867418972841;0,13225859130738946;5,461316496722358e-26;0,5423695102514612
META;-0,0042354094414383875;-0,0003987626752962878;-0,5950806573405593;0,011203511869647324;0,0016409331730939493;0,0005920747566490907;0,8532043486715843;0,6383571569626387;0,03742722758752218;4,863808927915162e-18;0,3475123452091803
GOOGL;-0,0035112917280760592;-0,0021113456059920145;-0,03145024413175475;0,010242400618208644;0,0010758098086460202;3,106836423432797e-06;0,10541632703134732;0,6094550338826975;0,8545476462150464;4,875281408100695e-33;0,5458238899149044
GOOG;-0,0036596576268886826;-0,002106575845961588;-0,01044105931265756;0,010166022616043987;0,0010855650982011609;1,4953579713935641e-06;0,1091166000848538;0,6092094056794628;0,9518719099973163;2,4813935467768273e-32;0,5409597775769119
LLY;-0,0026215052046140897;-0,00448579745005888;0,16312766006749818;0,005933941824423186;0,005081724606435722;0,00791446436142549;0,010352090803993597;0,0717648907870724;0,47664770524523303;2,1490425057985984e-09;0,19994445508661252
AVGO;-0,0010522381362165836;-0,0013836871699564191;-0,10661718656846741;0,011792286493764022;0,0034375017615602957;0,17244962160945737;0,3112150063322913;0,12098739427697341;0,5540565173876552;2,2417175361391793e-37;0,5732232342558923
JPM;0,0075962374184014424;-0,00031731806829901404;0,3773944209269016;0,010533421428343232;-0,0030964454836664643;1,0481313792916507e-31;0,7416325465941391;0,04803476647326733;0,003284238238264952;3,680005990035114e-50;0,7742048619323297
TSLA;-0,006857565553003507;0,0030496542525452757;-0,2139641133184393;0,01972235731675508;0,0065096364659751665;0,00010367507195866276;0,3219397842503707;0,1921697372411048;0,5982134598356272;1,0658236390298258e-24;0,4648154485985305
XOM;0,010207786115119756;0,0009499778318019833;-0,19287759239000415;0,008481707651468412;-0,00029083956857006043;1,294681226832331e-25;0,5277710073467203;0,9049527119444033;0,33171755434552974;2,0508349287724115e-20;0,5712490726547877
V;0,0006441794355190365;-0,0014351602716070964;0,07476369027636907;0,009715226225552749;-0,0012138243714502226;0,2961312070824978;0,1897141215821952;0,4927983071227252;0,6040799397682484;8,032546297070857e-39;0,5933043708021293
UNH;0,0013039126439234414;-0,007100185698156263;0,44179688213672313;0,009369556891954229;-0,001007873404830659;0,09359933018890151;5,509255577416625e-07;0,6508130382943207;0,015607603227901149;5,595282517474458e-27;0,4841199544639253
MA;0,001414000036372283;-0,0018656460322035552;-0,0198611011420078;0,011430875814465346;-0,0011832437422854714;0,03929332959827131;0,12431026007637873;0,5463041117038034;0,9010582833163436;6,622746669185572e-42;0,6195293798758554
PG;-0,0011576144661633902;-0,005777497567554739;-0,048674887760235916;0,006268423624027956;-0,000815706853759307;0,02822863838276117;2,786454633506563e-09;0,5883499878646417;0,6918142284698081;1,5509122759459954e-26;0,4544745621986187
JNJ;-6,712166689351942e-05;-0,0039024987450649393;0,1024974850370376;0,005010396081209744;-0,0014066207718075596;0,9043743978676035;0,00011043789866135673;0,3812210476982202;0,433532419490124;2,7378131019150572e-17;0,32053138922293445
HD;-0,0002590916526378326;-0,0011574839957312756;0,1950211427142235;0,011355183362620496;-0,001246926951518135;0,7229981471375121;0,372319867161665;0,55271330157791;0,2550494443510248;4,716142136109573e-38;0,591734690683767
MRK;0,001403025035662445;-0,0035335894154166964;0,07434232644612605;0,0035268573225481653;-0,00032981849197445743;0,05693810382877122;0,0071129160895659635;0,8756459686328404;0,6651746794551276;1,426997114073014e-06;0,1400216757780599
COST;-0,002708584505103328;-0,003575401072819962;0,3568267919872986;0,00708010040615417;0,0009966332870019363;7,38228483970296e-05;0,002926777795492184;0,6048048308950225;0,02380745691907386;3,760847515599728e-22;0,43446634294358133
ABBV;0,0011637811419814709;-0,004518254529172975;0,37371381557559136;0,006490777979072092;-0,00028161490617222495;0,10776245156400074;0,0005021013693243986;0,8918877423357179;0,027786314445597912;2,2195329526023262e-17;0,35029192094186246
CRM;-0,005733207204977041;0,0021068307603152835;-0,30440712681093435;0,011899600786639769;0,00036531049130059275;6,833238977096052e-09;0,211444871514951;0,8933791814664478;0,1714875403253086;2,006895712824385e-28;0,5307962234618525
CVX;0,009283098120831154;-0,0019255610234060216;0,23522866298797726;0,009778362478201526;-0,0025004715513606245;1,9819532766619272e-22;0,19929889804520298;0,30309154470906796;0,23469182574716535;2,307623031823344e-25;0,5874214789231879
AMD;-0,005786261930975799;0,0010608461303804508;-0,15577891855616716;0,01439824565160492;0,0026934122410875775;1,085700752007173e-05;0,6414363567926106;0,46556469936711176;0,6043973401002226;3,4533391530312274e-24;0,45825752914188733
NFLX;-0,007884869634964048;-0,00032127002644900403;0,1952444183361796;0,010135610638171061;-0,0010165455283036445;5,493532653328993e-09;0,8888455154360062;0,7848356672272405;0,5200683680787853;5,514552954027748e-14;0,3542759299684022
BAC;0,009365185043061464;0,0013347578283277213;0,3377073526364328;0,011661689692315843;-0,004490422646166208;8,486732936912868e-37;0,20986926920856389;0,009649884938505143;0,016780452293413215;2,506013020297387e-50;0,7892234657673253
WMT;-0,0017308755495898086;-0,0046713651253939515;0,04092069854065955;0,004775350224916782;-0,00013340988931043822;0,01243254792540314;0,00016548518497758378;0,9461130459998508;0,7991941481109905;1,2561906989747102e-11;0,23911682620106967
PEP;0,0003242367035948298;-0,00707500365843783;0,053509780335422724;0,007335509400982523;-0,0011163834210466137;0,5214803722558417;1,692135232350715e-13;0,4423446492268859;0,6512035178834139;9,220500675405789e-35;0,5559399397827751
KO;0,0031431232374304896;-0,004609587267926676;0,059759337139367256;0,0082505016781546;-0,002148424989196984;6,442935501640953e-08;6,185559511333174e-06;0,1831619986815761;0,6489453959726292;2,0276050206120335e-35;0,5805680594195681
LIN;0,002044389935780515;-0,0014986456171035463;0,22116393885416322;0,00962466297218769;-4,213319985889154e-05;0,00036000257190374203;0,13519077234831797;0,9792549726919695;0,09506234261509057;6,822688072661131e-43;0,6464580778338928
TMO;-0,0031069404494918984;-0,0015010330331173241;0,1374384877842429;0,007797174535815153;-4,178719778015954e-05;1,2998621493498287e-05;0,22481650901209446;0,983324673899076;0,3993066732830768;3,711228513177478e-24;0,4529385075105805
ADBE;-0,006844990331824626;-0,003681292744126812;-0,18896719930386638;0,012200744423563252;0,000590497434610962;4,1896846753622296e-14;0,014551880645997573;0,8074287438444996;0,33896948573074726;1,2693333428890389e-34;0,5904244183796652
DIS;0,002160486172290727;0,0013089318212426329;0,05921959304437364;0,010799265773857477;-0,005277304473447163;0,00342604143050666;0,3129117587784145;0,012563645350060371;0,7291180166078518;1,2175904683299726e-35;0,5866220947992786
ACN;-0,0008943831305386445;0,0005509115660068074;0,42208713357137395;0,010179659962913045;-0,0014132372027649378;0,1287474590300103;0,5968674936402707;0,40244323312041863;0,0023924201602648046;9,269182180881343e-44;0,6673762944608048
WFC;0,010785042709810866;0,0029785749222518963;0,2363117926823888;0,011275195042492083;-0,0043583496250656235;7,4076061228515056e-31;0,03352317084260845;0,05455690065034548;0,1997225412018966;3,013160347474751e-34;0,7024026573999611
ORCL;-0,00030434056938477284;-0,005501004476408026;-0,12324491777748921;0,00811589852322421;0,0014932920517781937;0,6975181912616493;0,0001008026785894008;0,5068999142274142;0,5014792321427124;1,5433718017212137e-21;0,368042404018856
CSCO;-0,0003530439700018246;-0,001393845307941024;0,3611655652645989;0,006982453043435781;-0,0026827969396221946;0,6154188920188726;0,2640191175797149;0,18467833173319684;0,02901248016792798;3,23352262252593e-20;0,38961419836574984
MCD;0,0016937380645960605;-0,0021199820852559202;0,0784182779211282;0,007861077053677893;-0,00044011536393026606;0,0008342522813798387;0,01758657245603449;0,7592999421446296;0,5030749532579986;1,208034446682334e-38;0,5971794983315587
QCOM;-0,001380537035286049;-0,00021696359750601144;-0,24660071735078146;0,012212779363250229;7,514436418585766e-05;0,14367254817714675;0,8966336436521976;0,9778367006015629;0,2639582841263518;8,432644754871694e-30;0,4941646144172914
ABT;-0,0023146011342028384;-0,0037106158246635;0,16001245071365777;0,007759696197869626;-0,0013437476582537358;0,0018712793758477015;0,00484423371793872;0,5249311764812389;0,3531393933422692;4,119912559352534e-22;0,4055627799554822
CAT;0,006340092903995047;0,003516423530450734;0,1758966271815632;0,008296091795769771;0,0003693575747457434;2,455011576984949e-13;0,01505013913169665;0,8738178903204008;0,35384998320409156;3,635887137692656e-21;0,518650283265643
INTU;-0,004879694373998324;-0,004058766347923391;0,010186350970715788;0,013898070718861006;0,0008047163378077311;2,0067010249569814e-11;0,001027692852898266;0,6838976540388118;0,9495605298501656;1,5180280685122154e-52;0,7146578812697726
AMAT;-0,0017730446111265665;0,0015950209990789285;0,03030197038033779;0,01577593393916566;0,0008055696058986419;0,07833472094179253;0,37052669140261474;0,7798744522051426;0,8973414383827827;1,197205776842835e-38;0,6060315202299668
IBM;0,00362720804551778;-0,000333787118842259;-0,07130861527429652;0,007911740417868485;-0,0008883708897561332;3,3360971370108133e-07;0,7844865640347664;0,6532048071930793;0,6580601406228457;4,329466359635277e-25;0,47791584937426124
VZ;0,002076730507438051;-0,0024046364215605754;0,2373655118322305;0,0036220190455395155;-0,004270049303954595;0,0013846537547737591;0,03548016141386817;0,021280238672215155;0,11491801421638989;2,061097693830237e-08;0,21084415991079153
GE;0,007693379773721476;0,004305399454030915;0,27098546655962324;0,010273379485257843;-0,0008145903468936941;8,666974389129515e-14;0,01224946997156906;0,7681127265891093;0,2294983618757059;1,6016611869421264e-22;0,5381150196580249
CMCSA;0,0025689399804017655;-0,00045466878556511006;0,34966481949863104;0,007424706440569243;-0,0032526357440982824;0,0004427448159687431;0,7218966839622013;0,11698124756784797;0,03907427504203304;2,3199662411226613e-21;0,43394936504395587
NOW;-0,007151276444268959;0,0023811159131086643;-0,3243257026006185;0,011773299718262254;0,002580643932051172;2,0529612002336608e-14;0,12337466907413076;0,3017666178201894;0,11188989061868641;1,138516005210815e-31;0,5918514063403344
INTC;0,00011112597812783397;-0,0016590408003431827;0,12670231940809;0,010174781117118194;-0,0038264951281237677;0,9142712272653912;0,36529639615860876;0,19779280027495655;0,6001405210277964;5,751574602993493e-20;0,36307027122854274
DHR;-0,0030897718078687557;-0,001848229873698973;-0,016807075288580112;0,008929067952224909;0,000400897293326898;1,663715661403134e-05;0,13834620026867955;0,8422664617714151;0,918454051713232;4,8975243107661587e-29;0,5002096627199142
COP;0,011496065858018574;0,0015378502983951056;-0,12164031037693662;0,010015765832008078;0,00017200505737799271;3,546716899936994e-19;0,4552015910730395;0,9588442186583004;0,6543470520807169;2,6667510439928806e-16;0,488678774371895
UBER;-0,0024409167235130307;0,01222452986918235;-0,36124239474642494;0,014166209308758471;0,0010812019566473852;0,08600896430792071;2,217223020408035e-06;0,7904859484014759;0,27667170120241374;2,093165324535349e-20;0,46429443132307213
TXN;-0,0003464285179808475;0,0015610484644347556;-0,054253762841857005;0,0087139520355021;-0,0007503656846231082;0,5696218592641014;0,14941431429828123;0,668046202505385;0,7035661437658007;4,130823906314336e-34;0,562265363945728
PFE;-0,00020508367502255435;-0,0021227580128674738;0,1326253625606038;0,005470554635645993;-0,0031791354731079448;0,8084092079860262;0,15800509830046253;0,1915844121016325;0,503124248494355;2,1595718273489702e-10;0,19629123414170835
UNP;0,003192925008255907;-0,000503673892745504;0,09621867395733559;0,009316782951884341;-0,0013518941193585274;2,7479932913314903e-06;0,6683078229517108;0,47784732584633494;0,5352493099184593;2,6111885086948025e-33;0,5672792791180092
AMGN;-0,00024013480436478477;-0,003298857442634683;0,24158907903224575;0,0053767149682558925;-0,0013984733472382014;0,7414938108174627;0,01123195738256535;0,5038076735761488;0,15721305589220214;8,564929624554238e-13;0,25173604304936203
PM;0,001961028810835026;-0,004599933361010045;0,0076007349868637535;0,00846513654820437;-0,001881787660688052;0,006818676742171023;0,00037804285359413676;0,36225189953169845;0,9639438089287844;5,272205931219635e-26;0,4476779690304067
LOW;-0,00010852093820016512;-0,001395806175662906;0,19425548057046332;0,013226622729018596;-0,0008931689056553054;0,8988343218500949;0,35701028043876504;0,7156968110423133;0,33149239960127286;6,402566144073423e-38;0,5889298009791604
SPGI;-0,0014696195326329958;-0,0030090470478914906;0,10963843288963471;0,010764082481960213;-0,0007207885274115254;0,012816439297461221;0,004154728255605439;0,668573927066971;0,4244821594482293;5,777223801812312e-47;0,6611076591407696
ISRG;-0,002690456748682842;0,00019696559475938796;0,2149168228236098;0,013036150913520922;-0,001248285746595474;0,0010842297279938355;0,8912891160278268;0,5929194973376483;0,2592529766842586;1,1485715425139842e-39;0,6206717561615844
MU;0,0018942950742762779;0,0016465515640543596;0,0032552878659498027;0,011997496643866127;-0,0008859916311807504;0,0782357103799843;0,3867133546554252;0,7734970757898487;0,9896454503024537;3,8957507270267975e-24;0,4447178322788865
RTX;0,007984909114048226;0,0012525267820824733;0,29042252620278247;0,010975472195420475;-0,004472993879461075;2,765754162778518e-20;0,36361459884999636;0,046003295812768547;0,11123097457354382;1,5142101971673669e-33;0,6490271238006129
GS;0,0062242606794329055;0,0012597298506719743;0,06995714768998627;0,012594179628046398;-0,0010916027501274585;2,6018810179018213e-20;0,24103131112347007;0,5300002356210487;0,6213161890965277;2,1669317591557356e-54;0,7648998515925682
NEE;-0,0005779410784387028;-0,0011182035679124574;0,059230763542034395;0,009013024701703804;-0,002482118040188245;0,5189721586998475;0,4817335587097604;0,3352235315143386;0,7775701200211356;1,3418756324916232e-20;0,3720523511377696
HON;0,004938789952825278;-0,0008200771197137287;0,24000667907712916;0,010408311542084454;-0,002705174831911669;1,0305439839247513e-15;0,41564428287465205;0,09820773076047518;0,07197736607440916;7,219708036405611e-47;0,7111594112147624
ETN;0,004660439428731248;-9,704301479549777e-05;0,2206856039976999;0,010767158407542768;0,0009066676980083192;6,484777681676162e-12;0,9318254869462128;0,6217757969598204;0,14153422431568347;3,582826682112114e-42;0,6711170291514876
AXP;0,007655418441378964;0,0011758874417335404;0,34730552038611856;0,013988734586371695;-0,0028083660999946142;9,169627884773517e-20;0,381848093928026;0,19771993525413467;0,051217461412679174;2,860166065308664e-47;0,7320145738862901
LRCX;-0,0022484247537917857;-0,0007137822578901134;0,05475250196544589;0,01738040442363682;0,0004314199394994768;0,04435291542246097;0,7176065077356436;0,8926282800971103;0,8335012095136056;2,55103453225643e-38;0,5936061621028061
BKNG;0,0033830929496073817;0,0034017750214008534;0,08637210971615684;0,012021136032791094;-0,0008096581499401549;0,0001937175499653081;0,03254592999040696;0,7521103726617692;0,6792728635664382;2,0290442058517115e-31;0,5634303223017012
PGR;0,001216946447011257;-0,006871357293271866;0,2084513827138244;0,006277008270456184;0,0014010483703991658;0,10705107122418922;6,016423039536533e-07;0,5172132625713248;0,23757811675416568;1,871875463281265e-15;0,31935145606522164
T;0,004702878398586034;-0,002128561630570858;0,022167243242014207;0,006520494954659175;-0,0047325268307711905;2,1091879129917976e-10;0,08930026653725928;0,020064109484307747;0,8929753938956857;3,5998400028570805e-18;0,41648788571019046
ELV;0,0031551255795480146;-0,006456439892966447;0,4157432429129146;0,010441260041348894;-0,00192483979477121;0,000735600498109169;0,0001054358858854424;0,4674268262283794;0,05503302556925814;1,4656449632220034e-24;0,45867413781348887
SYK;0,0012021330153847314;0,000785166217597564;0,19296721881232357;0,011295031544981718;-0,0017718019450660696;0,07281958536612203;0,507370689854293;0,35592219584180096;0,2176492581532803;1,8828116183286752e-42;0,6460077959959402
C;0,010150310944319063;0,0016867885410982773;-0,06518722844738364;0,013255662180378514;-0,00553268038687192;7,122538211634743e-34;0,16954327373307693;0,005741200165437597;0,6868959965668542;1,7505853872221114e-49;0,7716796693546739
MS;0,005928920168872481;0,0016440579698921707;0,16636807212232393;0,011998860966560271;-0,0008242591422699897;3,401024855446182e-15;0,18403184912679926;0,6803281170301713;0,3079971019311763;1,999884525228393e-43;0,6952761622624453
PLD;0,0002038202342333285;-0,0017415639456794293;-0,01385831009149988;0,01263860971317706;-0,0011486771398468226;0,7890829093458475;0,19834036807162705;0,5997945875566655;0,9380601698921924;2,1299162636636735e-41;0,6126439773934322
BLK;8,380675327560555e-05;-0,0008860814393320968;0,258361011846971;0,012937576005144908;-0,0016814872380363018;0,890466581877035;0,41202666742662764;0,3366350767259759;0,07084198664596342;1,115424140226266e-55;0,7336831436783398
MDT;0,0019372973143163964;0,0015019356369653089;0,07971339638517744;0,008867109025695076;-0,0041421762132707535;0,0038919170620289687;0,20322184508237912;0,030887116660273932;0,6082858937515206;5,057797093188901e-31;0,5435502374075553
TJX;0,0039000670248927074;0,0006355593233306156;0,15686783502983534;0,011549636714288726;-0,0014293051753450426;1,5058217707734589e-06;0,6492800167062986;0,5278555679222127;0,3953854584419477;3,0491923743249747e-35;0,5953082514432158
NKE;-0,0002418474107664489;0,00039035167975844755;-0,3847417359120165;0,011561380792226121;-0,0014244279914449683;0,7709176236899887;0,7910109591739737;0,5506240107299342;0,048874401993353585;7,29760983203077e-33;0,5286103407517679
UPS;-0,0005859763283266403;-0,0010794692598825259;0,1868842825866854;0,00842515378163186;-0,001406401364709088;0,490105055112373;0,4734802162508316;0,564112214667198;0,3472970949430909;3,4678020990338283e-20;0,3735785534635142
SCHW;0,007352402082836506;0,0027628895322601033;0,1533392665004041;0,009849088305248306;-0,0015521472092812018;1,2089536969382901e-11;0,12923995502385552;0,5978332076430154;0,5225440291924166;3,0626977335187395e-19;0,47127789858223057
DE;0,005402967377026028;0,0007091949298660942;0,10903521442428983;0,011085964461698664;0,0006253431905470175;2,5004286489596523e-09;0,6447497784161766;0,8017709712310821;0,5912442475067907;3,2958673557138114e-29;0,5490620002919921
CI;0,003678167951259324;-0,0037979652653392544;0,35184650471167433;0,008851033730522186;-0,0016344579715663722;3,897456786858064e-05;0,015186712717498952;0,5160417659161503;0,08719215365381011;9,755258061041228e-21;0,4176421395632117
BA;0,010831627807368413;0,00343658335915586;-0,3460912655591217;0,020661417149154385;-0,005390086187277759;3,342327865866798e-13;0,16496424960656578;0,17867516677753734;0,2888894432972475;8,008521837729177e-36;0,6257840639125247
VRTX;-0,003000463653309789;-0,0037940734608758442;0,26027884187104455;0,005056198211689937;0,0007946994622337347;0,0007522530862555487;0,015561626119842792;0,7527191127902165;0,20625060042615834;1,1411553043120948e-08;0,20842535087253344
BMY;0,0001278271464082474;-0,0011329651350438159;0,1507513402800164;0,005239222479866345;-0,003024754777755174;0,85480813341825;0,3609304519505483;0,13276828699872667;0,35704304981578905;4,2120052607543634e-13;0,25369248706002323
CB;0,006617083014171414;-0,002051596599511778;0,22364804330364504;0,009013841004508123;-0,0014492793227532871;3,4898755265681925e-20;0,07433045021053589;0,43491701790230697;0,14000291072475438;5,4592375540277676e-33;0,6307814371257139
ADP;0,002095014283266263;-0,0026018576168218865;0,11920127930685717;0,01023884838103366;-0,0015465774329011044;0,0014915672149152686;0,025203388618824228;0,40890455666096437;0,4347108030058705;1,2486972794404163e-38;0,5974064268106372
MMC;0,0010249935533526728;-0,0036429039045867005;0,08915378684932482;0,009616174643041948;-0,0002500328633241338;0,0518850729719497;0,00012139949283794212;0,8682692259281976;0,46827107123779976;7,953071585709203e-47;0,6577078232481348
BSX;0,001530331652310782;-0,0005243783895503654;-0,001769481064929041;0,0101896664699633;-0,0014687886107185484;0,02233378680818686;0,6569350667794684;0,4426498579761512;0,9909376400695045;2,506145645263434e-37;0,5850522494672221
REGN;-0,00423271990432141;-0,0024218345732657577;-0,06465302212351098;0,0055438422249477325;0,00286520203982733;1,941572739371716e-05;0,15969040139028484;0,3038363700048774;0,7755899681504612;1,386828536348106e-08;0,20995772941509205
SBUX;0,0011249809112945182;-0,0013078474483894556;-0,1397720656187303;0,01043298930560073;-0,0018617260837113564;0,12183147081397967;0,3096970728823904;0,3718154152682299;0,41054934174590507;2,250330297217164e-34;0,5425631322971145
ADI;-0,00022675019509229294;0,0019233669924358708;-0,04447404727356349;0,010152023878580217;-1,913837508734908e-05;0,7361507697268386;0,10811973768455795;0,9920993648408198;0,7776733440892699;1,289386353632294e-36;0,5897063270360199
LMT;0,003678621752194115;-0,005605171314460773;0,025791949981254954;0,00766101922968349;-0,001559973453605902;1,234687831187206e-06;2,696405671151864e-05;0,46130783762577887;0,8811063163994812;1,22201837609915e-21;0,4264066341547995
FI;0,002922122036230182;-0,0018067251762011111;0,040155994948069366;0,009900852576324946;-0,002144955593741483;1,5286477196768366e-05;0,12393763016292009;0,25881825174893563;0,7950147924219606;2,5560082764967206e-36;0,5834766268244549
KLAC;-0,0024935266178290017;0,001203620548217666;0,10079906455373396;0,014387424637196278;0,0019151292517673951;0,015766656452111987;0,5083101687117528;0,515801575853718;0,6745957654236466;3,2390642268149134e-33;0,5542762040299467
CVS;0,002889660431787724;-0,0016514711716842604;0,32255225773591767;0,007578918077147702;-0,0027964145525538435;0,000552468064316032;0,2594180967683046;0,23845646073689758;0,09575415633983983;5,8534672011498754e-18;0,37378723572219164
BX;-0,00047412154437480964;0,0034252400182120057;-0,08306463994821726;0,014688398190156425;0,0007238822540257243;0,6199259881923302;0,04434042525187669;0,792037360638652;0,7104496781297671;1,6200322789033554e-37;0,6022868542495325
MDLZ;0,0009002660933518602;-0,004507859586839288;0,057135498241865236;0,00666839393514484;-0,0007237120355274965;0,11901979570619857;1,6031994704537603e-05;0,6617708302400862;0,6716855962019543;2,338747257350244e-25;0,43613719862978373
AMT;-0,0009137462806476194;-0,0031969589215952586;0,42051417407699665;0,009285004465096149;-0,003892285364986208;0,24097254473624272;0,021332551666518776;0,08268471578486239;0,021772545842179403;1,749853680275727e-26;0,47051689935278285
SNPS;-0,0064078308372640625;-0,0018207833551453078;0,038981429203902275;0,011381585303693827;0,003465925117924592;7,237049135995211e-17;0,14546161493317428;0,08741469088449459;0,8128619030570823;4,193106927580763e-40;0,6537190020012185
GILD;-0,000558580113529283;-0,001143593974972364;-0,08692692688756472;0,0031790781257668085;0,00021082404940514453;0,514979855448993;0,4523532291291258;0,931788764421547;0,6650152507578053;0,00016927215621012927;0,06981610412745898
PANW;-0,004857899360223664;0,0011099894599497968;-0,07894207641577336;0,011071562635886198;0,003990949121506904;1,842941319377667e-05;0,5725731696961177;0,21104843640360874;0,7610231769108636;2,317807945832531e-20;0,4097305479816258
CDNS;-0,006439773254155067;-0,00216750796496416;0,0431663295137781;0,01106309304228281;0,0037961530133890403;8,699258621555585e-18;0,07462864635617242;0,054047756636979125;0,7871397788940908;3,620511213052566e-40;0,6563207787052279
TMUS;-0,0006106131801932325;-0,0018042295240270313;0,26615201650442927;0,0069437960231568605;0,0008478244513805765;0,38223146676770403;0,14611745367781617;0,6725377117371316;0,10451275316730191;3,069000488147256e-20;0,3789967312275849
CMG;-0,003252758491244869;0,0026433608689739913;-0,1845270026117149;0,011205319996134095;0,002651461351847202;0,0001769317723552206;0,08153620551360338;0,2796077188642659;0,3556183158141314;2,316740495901558e-30;0,536445732880849
MPC;0,012951977856653142;0,004470105202749761;-0,17793153952086627;0,013155844481442889;0,0011233140312431813;9,147638577641797e-25;0,022936035640653513;0,7225216348989587;0,49023559096755953;1,5945317571473176e-26;0,6223262616648731
EOG;0,01265395578534794;0,005717058319176024;-0,10695567244430781;0,00977228055781083;-0,0008493862715017193;9,405685046603655e-18;0,017187192139557463;0,8258092319735155;0,7338172099665341;1,731679682182805e-12;0,45649652175859967
ICE;-0,001318932566903269;-0,0016868554952754822;-0,14625553257325852;0,00881204892534983;-0,00026361321708875837;0,02893850302525539;0,11419098573205345;0,8784965045533135;0,29857499961059675;2,6377450626924416e-35;0,5480740897079012
TGT;-0,0018374351812414458;-0,0014449589572760858;-0,10015096685861559;0,008906233332988739;-0,0014807683218020014;0,08357634690362076;0,4415901957067718;0,6261953239308552;0,6859817639779128;1,1109176874104151e-15;0,2909352688223189
SHW;-0,0006691079621820897;-0,0015204095121701272;0,23246426488834457;0,009883982214317827;-0,0009169426450043569;0,36309838406077466;0,2442205820636682;0,6641230703857355;0,17758313824265806;2,427924227810134e-31;0,5218690245021823
SLB;0,014500437925508902;0,0067322054090732065;-0,1402158399887724;0,010561238147941502;-0,0015199880516566673;1,81465278497898e-24;0,0025299846221904392;0,670394413036713;0,6299679775981215;6,582532141412152e-16;0,5522269909766555
CME;0,0012191105567883355;-0,002259749487974467;0,030870341694813137;0,00714823270463547;-0,0018807593445264044;0,09478826390902798;0,08088674511781382;0,3684132959923939;0,8560978680061252;6,971918265558568e-20;0,3592353975974196
SO;0,0032283147631011247;-0,0037776083706562748;-0,13985606577804582;0,008942014169142589;-0,001539035905204931;1,404493628059289e-05;0,003696561171487172;0,46091849470646606;0,411013935004498;1,0737950707471957e-27;0,48080601840817694
ZTS;-0,003106832705431745;-0,0012698977018328343;0,15270353152052052;0,009743773574393952;-0,0009616936581349595;1,1365854137278277e-05;0,30081566127673115;0,6281881683686312;0,34573651162451535;1,9561807438679732e-33;0,5592668498149675
WM;0,0014282464502676981;-0,0028866431461877645;0,19713851526941828;0,0063608863759156056;-0,00021689961440135748;0,014471257919613673;0,005423866529708008;0,8963815781096993;0,14737550171586442;1,992238941498343e-23;0,42812804775030044
ANET;-0,003326735356464674;0,0017265949539152052;0,28643210557767523;0,010211021763756352;0,003975395009034895;0,006344004423702713;0,42054463565244016;0,25258313176459174;0,31156107520704607;8,682049357456243e-16;0,3378910554370189
DUK;0,0033190138746845635;-0,00476910850944616;-0,16306920269079336;0,008101599500138777;-0,001451424885870663;4,652252932991117e-06;0,00018185163485877174;0,47452467829696543;0,3244145314960528;5,1496908806327185e-25;0,45222389328065915
MO;0,004032727581232751;-0,0024175883953313085;0,017894495312325596;0,006772056357996993;-0,0030980495912691364;1,700688891587095e-08;0,0483900381437428;0,11769279334212317;0,9114346034769366;5,897085397511651e-20;0,4197673840644033
EQIX;-0,003470219358090526;-0,004570592017904879;0,25806957708507194;0,009306374295329399;-0,001488477982161609;7,156318352370232e-06;0,0007506386879973095;0,4921827069395316;0,14473606415722093;8,700752658735643e-28;0,4959557120519349
PH;0,00631433692776631;0,00391468564618972;0,0290285986067242;0,013066320094604227;0,0002795817711949445;1,4135890557736883e-18;0,0008224925338845444;0,8811218631442226;0,8488842237806153;3,62585105712222e-52;0,7607649978700044
PSX;0,01236811857392792;0,0049225591356359;0,19952694304453025;0,008506614650186282;-0,002373931106842339;6,75237684755397e-27;0,005630157328827319;0,4057170449923214;0,391149609180131;4,149688966391309e-16;0,5749751639327594
CL;-0,00023508758230097925;-0,005074741168287223;0,054534385203532744;0,0051529263284789085;-0,0009514517125643477;0,6590712958489049;2,053548407418407e-07;0,5342855693343659;0,6619399229651024;2,0934037199681144e-19;0,3592252614003193
ITW;0,0025546003603215835;-0,0012398460732321354;0,2097072377363878;0,010060958962806696;-0,0015167522412351127;1,3222448229343216e-06;0,17402783668001845;0,30407415876808047;0,08194205321957963;9,391042057043322e-51;0,7108611304855601
FCX;0,006970875063600729;0,006090225448442862;0,21216355705584283;0,015659672122451652;0,000976990930144825;8,447596939473504e-08;0,0067225463684999626;0,7865035047757283;0,4706596025452974;3,3541700893507043e-28;0,5576049090171844
PYPL;-0,006244008909393503;0,0014264287414049715;-0,14291027416954946;0,013369182190939053;-0,005417207360241638;2,1159765789900793e-07;0,48975697981806854;0,10625144625612516;0,5999827836145708;4,648213826039447e-25;0,4825337143852265
CSX;0,0028181843109726626;0,00015510798091291104;0,0028546392811386713;0,009242393246162044;-0,0007936018475716475;2,726281437801317e-05;0,8941505723541611;0,6743190448649649;0,985197136145;2,579031909742127e-33;0,5627345488622426
BDX;-0,0008861317862856924;-0,003248980985953993;0,04244710227255975;0,0047138825651402054;-0,001898228368869222;0,2329284016655019;0,014200877370986648;0,3733323600144133;0,8068321607250823;4,1138683063273e-10;0,1894305884260028
MCK;0,0019389682458408213;-0,002685430332779474;0,5001977803119237;0,006612976652650709;0,002382317793892442;0,017840168201387365;0,06360957297271796;0,3082142682891932;0,009135887638432044;7,15468412216911e-15;0,326643396896952
ABNB;-0,005062066828581147;0,013430773758971585;-0,04784955295022704;0,0063505836633898265;-0,0017470110164081896;7,492811040875196e-05;6,907297415381234e-09;0,6277083812331299;0,8704857943038101;4,0855237924984575e-07;0,34280180139985916
APH;0,002041330557347303;0,003801592087124047;0,10549216531018563;0,010147079675763034;-7,159107899521746e-05;5,6054519506107094e-05;2,4196553005360163e-05;0,9599747324002597;0,3646314351616252;3,130477368679244e-53;0,7505777714140542
TT;0,0028725124442800756;-0,000828643482698244;0,047887273288022475;0,011767399744280763;0,0008808650375981929;0,0004170836013414688;0,5601156706584075;0,7020850744449293;0,7985611875114772;2,6186452748733143e-35;0,5731812732284292
TDG;0,006603740034184887;0,0021480076412831992;-0,1377896727685814;0,014008497411463804;-0,00046876088479895104;1,7113534682837942e-12;0,16936209173069214;0,8527693121812184;0,5034290814064792;2,595007568492149e-39;0,6510624967732292
USB;0,010640176212392783;0,004103390144769245;0,13346411989904286;0,010590850218136633;-0,005005764257910065;3,441914707547926e-36;0,0009268033159558009;0,01211115547956919;0,4084805198134882;1,6585535756218437e-37;0,741669250411804
GD;0,005077590702975228;-0,0021020052777026973;0,186301653603852;0,009532330904968366;-0,001359426541856806;2,3624510709529697e-17;0,031259034345641964;0,3875242114411718;0,14683229489655886;5,117010248660855e-44;0,6919031730533838
ORLY;0,0014973477906670399;-0,005699078633286985;0,04163734485248501;0,009338191630938778;0,0011386357071731623;0,06752813696772274;0,00011000611255844301;0,6270988348212567;0,8273838164244748;6,2010142333038635e-25;0,4290735318653226
EMR;0,00437160739661547;0,003995980828600059;-0,004319243139015634;0,009402111251879976;-0,0014190220517600386;2,1792215818632542e-12;0,00015516960649642522;0,39900849796045035;0,9748464691759694;9,708297161570603e-40;0,6775769242917901
HCA;0,004537469984370328;0,00019832682232948494;0,23568288441272114;0,013362878860876996;-0,0013090591219429941;1,3213347076298041e-06;0,9023426971236703;0,6171492090586839;0,2699620668736426;2,994349211133524e-35;0,5949051818950141
NOC;0,003524776999411247;-0,0056216144599468745;0,1346575453462128;0,005649859304856119;-0,0006695555318459301;1,34733018911938e-05;8,460489247910461e-05;0,7682934590524892;0,46740863266230936;3,9036417160165264e-12;0,2967446750186937
PNC;0,008884101497974353;0,0016911813261141569;0,2392413961215295;0,011449983626962593;-0,004079096632980959;6,303159302502306e-30;0,1505121403363573;0,03280383707760206;0,12346207118192001;1,1633453708911113e-43;0,7422255140274029
PCAR;0,0031692511536493143;-0,0014500988200799832;0,11205587454604293;0,008762814929899821;0,00020490080281181485;3,0961190226993723e-06;0,2172286445541792;0,9141155229868497;0,4694764302638845;1,0644972641367893e-30;0,5360076044548641
AON;0,001815721863115817;-0,004031372875691397;0,1447455152649088;0,010044880850166913;-0,001433552732882841;0,017113424950826947;0,002946656307985523;0,5095266452596621;0,4139147416202055;8,288017567845835e-31;0,5099511729910325
FDX;0,0010867375419741478;0,003058856277284714;-0,04420441792891563;0,009294957374352368;0,00010915548457243676;0,3068990033532457;0,10556163563146624;0,9714629774298089;0,8589004140834118;1,1986262172084619e-16;0,3411905987112037
PXD;0,011290337175141569;0,004251689845797211;-0,39778633784260387;0,00988508964393918;0,0001314523516008952;9,546407484074349e-18;0,046622413787977636;0,969554803072135;0,15740651937586198;3,4985322802399155e-15;0,475345325169486
NXPI;0,0021606861846296945;0,0059039796412516665;0,23865954690949048;0,012972658665987458;-0,001216037227483445;0,013784504376165518;0,00017205033884209014;0,626959673708268;0,24244344701274134;5,272338126044903e-36;0,6246833884129508
MAR;0,0072285449998134976;0,006009021454639986;0,171162429616386;0,012710936811906184;-0,00205634094465045;4,880540604967951e-13;0,00036872608199600286;0,44497882252899645;0,4352900128831235;9,709738875502234e-32;0,6238104876332972
MCO;-0,001319882245142646;-0,004092977533356497;-0,026449116450082952;0,012545181036355397;-0,0006406272622434891;0,02879565785987203;0,00015803606122298858;0,7102426204903385;0,8506728887419804;1,2588040446782863e-54;0,7092238024725224
VLO;0,01339651675985487;0,003023021727338906;0,3819734377743552;0,010814020334471403;-0,0027503704819260397;7,466050077260772e-24;0,14567695871522468;0,41293086771512166;0,16355642271172613;3,831623917655077e-18;0,5594116777189382
CEG;0,0001221898703039807;-0,0031282427743365582;0,007846250204964798;0,0031698582579059776;0,0038262917666731866;0,8866419210409089;0,04062712627657346;0,12126076563714457;0,9688046323332163;0,00017557188323977254;0,07495372237394649
CTAS;0,0014679478080706113;-0,003154125383165477;0,021227202963679394;0,012364206449306392;0,0006721657710653918;0,02674852461670805;0,007444283894490768;0,7224437012617368;0,8905002215457165;3,3392042649441824e-48;0,6690404044564209
MSI;0,0015672348486510512;-0,0015033884739029803;0,3395886919720182;0,008840521939667492;-0,00019450202152408467;0,02998329252816503;0,23851999319777112;0,9248619504065502;0,04436034852953414;1,0782494101710714e-27;0,49392328215299663
ROP;-0,0009862823036984863;-0,0020056355151459;0,0092012182744455;0,00868249190762143;-0,00023023017153040563;0,08125280285931416;0,04585254934324081;0,8869154219805775;0,9443957793269395;1,2411914038475025e-37;0,5749693741741506
ECL;0,0013104081563268797;0,00020803517969065192;0,19872215488641454;0,01201183236977941;-0,003473460972382766;0,052768390528738225;0,8617324388391592;0,07370269218761777;0,20834176180132336;2,5945689598627057e-45;0,6660411677155115
NSC;0,004134462647298801;0,0006401843363393199;0,09536194196053661;0,00955600654358304;-0,001968690655803606;2,0443256883135366e-08;0,6107441428878091;0,33422639082161365;0,5656780791246458;1,9283990088158388e-31;0,5667210413318713
EW;-0,0029224543869450777;0,0002646764670181819;0,06339638517250348;0,011142752890082902;-0,003016582973352374;0,0010204376618778628;0,8650216564633235;0,23244107708272946;0,7577310529514267;6,574589354746237e-29;0,5060348764573448
COF;0,011615824009501495;0,0027510433849696693;0,004602169406074817;0,016110381140534216;-0,0031705710874859773;8,953471189056768e-25;0,1172417810832029;0,2642990567609307;0,9841115882333038;1,5349384607276327e-40;0,705398420726634
AIG;0,010718860391319068;-0,0004912115732279514;-0,10800839143653822;0,014835918373165127;-0,0023181584345068063;1,30362164110828e-27;0,7431274785850908;0,3401210512104321;0,5851814771229776;1,932232635769401e-44;0,7245911516576691
DXCM;-0,00821657251079596;0,003202238558318866;-0,07255112895189342;0,011772142224211263;0,0014888631352892878;5,212346625431546e-09;0,18150365058393625;0,7007369523739695;0,8182090156857307;1,3701169331619148e-16;0,40136035943788917
HLT;0,004257089741053819;0,003876593355077678;0,12655527405087955;0,011687664046350089;-0,0011495142655781904;2,779064377205917e-07;0,0069019699909224075;0,6178454832871878;0,5003915775445511;5,705176253656584e-35;0,6164571630209943
AZO;0,0019550407320970326;-0,006486268374292143;0,09599356822413196;0,009981300011707384;0,0007665677177035363;0,026801617620184327;4,4543883054226106e-05;0,7610817965499673;0,6403683915796593;1,066615035733465e-24;0,4320180919348181
APD;0,00083545618787757;-0,001628245153960089;-0,23927116210186916;0,008466240408734935;-0,0008099510308072585;0,27649917569520344;0,2318940120229584;0,7130615963035691;0,1833566676462585;1,1775079782038318e-23;0,40332526990038153
F;0,008645673489733182;0,007562644049170418;-0,4027824103954855;0,014577843661990825;-0,0014195871391284416;2,7953348655564844e-14;7,56048884881055e-05;0,6401130435637109;0,1045712258576801;1,8536070058996183e-32;0,6292843265650037
TRV;0,006597077796549289;-0,001486076982207641;0,23631030588831362;0,00868920089199369;-0,0016143306827325376;4,819922281116032e-23;0,15591598380757205;0,34060600681456477;0,08770087481796264;1,5619405428103155e-35;0,6632122322130686
AJG;0,0015117750227986676;-0,004057395820276305;-0,03798408258992173;0,009524674946604927;0,0017544851170190855;0,018635758299186664;0,0004154982078677278;0,3390849778213054;0,7993052442730813;4,324938867859094e-36;0,5568987507229541
ADSK;-0,0038818544121740762;0,0014957712494543338;-0,02975018584461612;0,012062991065144241;-0,001485220596835187;3,657217424811827e-05;0,3601585195591571;0,5745639173933113;0,8902130680383304;3,1760391219617105e-30;0,532595118773962
TFC;0,011302385688184485;0,006763788688981121;0,1614911796707701;0,011482381706075913;-0,005804329758312449;5,788749577173037e-33;2,2776195859064453e-06;0,010641298324970872;0,37978111802414094;3,765743632907423e-35;0,7302898692810008
GM;0,00770991859373036;0,008401258468178362;-0,13594269691090793;0,014735376757497124;-0,003565088502291834;2,6753890557125015e-14;1,037010613925295e-06;0,18839198299854362;0,537547723446034;2,0535349050444742e-38;0,6840895908579806
WELL;0,009286371539534684;0,004839812184147933;-0,2578539472294885;0,012885160268616669;-0,0022373529536949097;4,715445739019462e-16;0,010124956749525373;0,4596272490064832;0,29596705584422994;1,8384690369553152e-27;0,5834808650284844
MMM;0,0029225745455831987;0,001391510107461332;0,04251253022437125;0,007958605768352408;-0,004645289280058048;1,095590470611671e-05;0,22744068738244413;0,013381205259295757;0,7795846418002623;1,5444471103697252e-27;0,5166314012967579
NUE;0,006188389773857275;0,0039494608092577495;0,39864474376141856;0,010570375783125741;0,001279827319605751;2,623917826671668e-07;0,05662439646588138;0,701707901554725;0,14415920123566844;1,2009476482052532e-17;0,4307758423043283
SPG;0,01414242894663171;0,006131903014064611;0,09231648060494377;0,01718065412614891;-0,005081049760498584;5,132224334221946e-25;0,004150558174418241;0,13955546395373367;0,7412078744110981;2,274816822138235e-34;0,6812134396837353
CPRT;-0,0007648967735480803;-0,0006836495196356701;0,010833612108991338;0,011510115519301364;0,0007905528457828238;0,27018085714005335;0,5779988135739536;0,6911803751713572;0,9467263602852872;1,730914698699731e-41;0,61904408167722
CARR;-0,0013821136779466928;0,005201742707167052;-0,2195319870100512;0,006580645266225979;0,0063888591801231544;0,1991326224524595;0,006812300193431738;0,039426227178119375;0,38306817519681025;1,5184177149822525e-09;0,23890341132572812
MCHP;0,0003556133031760769;0,004983345259607524;-0,005196684384154957;0,014260533792679483;-0,000932069656206956;0,6688569671726129;0,0008550718999238809;0,6963252884058793;0,9786924674215094;3,4739229609662306e-43;0,666447366597898
URI;0,007290601738652811;0,007511450944091513;-0,012217744541470489;0,014961495834724768;0,0019792659303989545;3,441809816038879e-14;4,015399332002009e-06;0,4415758556769558;0,9534814341700103;8,110309392328568e-42;0,7038248578494869
ROST;0,003358065406361385;-0,0017382878585202538;0,10483901701772175;0,014367884618293112;-0,00305460734976239;0,0005100110682215127;0,3038102027728138;0,264685037293944;0,6380889966129555;1,2407823271168306e-36;0,5842921533345335
WMB;0,007765221192909935;-0,0013225823043847766;-0,09194426607928419;0,010355949101400275;-0,000761857036097318;3,155827710099609e-19;0,3410699480217262;0,734664236509539;0,615761325371831;1,1751072289809411e-30;0,6007902496307219
DHI;0,001535394517305338;0,0046274659733522225;-0,1514749936655451;0,013366275824671058;0,0021391275822620903;0,13547099873270396;0,011601669443247416;0,46809463862479694;0,5282933986417095;5,325519116967475e-30;0,5341656728097196
SMCI;0,002033566374266955;0,005078998867947039;-0,028923261540485686;0,011883163121430024;0,008841652732903306;0,2505975199055376;0,10622465278434443;0,08267500492125725;0,9442555953168186;4,823463484951858e-11;0,24480394247844472
OKE;0,011609458008088954;0,0074118481714330504;-0,5561753511463061;0,015332847464661589;-0,0028572209298433912;6,921200206180649e-16;0,001827425208761071;0,4530905137635116;0,07402942855046682;2,483066344521307e-25;0,569338260804354
PSA;-0,00021340511033267367;-0,002426443357616963;0,15317030420333727;0,008480831465064459;-0,0009142270331133957;0,7764703761981019;0,06981884892707921;0,672015153373651;0,38437610946578793;2,0482252492409714e-24;0,42531836347948293
NEM;-0,0012135303125526786;0,0030056156461181808;-0,255163383150884;0,005876113895978245;-0,0010008396496576913;0,33263735506465464;0,1765351543508846;0,7806638931086898;0,38405034570800045;2,4014943698128327e-06;0,137331793346546
OXY;0,01660582495778647;0,006599687211600009;-0,05443109990008307;0,014101219634441728;-0,001991062456596088;2,060834486628054e-17;0,03815776478894675;0,6979166694868912;0,8963826263435766;3,352886395680909e-14;0,46792596801647623
MET;0,009958596839873095;0,0010163000810539833;0,21538438591045636;0,012677488350576738;-0,002875712933222317;1,6367734554746e-43;0,30587661465437255;0,0744077639034239;0,10084102198070183;8,570189700788835e-60;0,8300301458256887
AFL;0,007902423079356588;-0,001569259157157419;0,15250867274014746;0,011843254583795124;-0,001532957431022382;2,3785281876479016e-30;0,12988824254230946;0,3601404898668641;0,2641446899612256;6,374203393159375e-53;0,7727641401665835
ALL;0,00589669023866127;-0,0038063663453922992;0,08341005487643896;0,009255550521462803;-0,001768838869968032;1,142649945272587e-12;0,006279953769883123;0,42911161027665623;0,64709757357251;2,3666265466575864e-26;0,5234264795091335
TEL;0,0036987105537954566;0,004384705116905369;0,03220144128142495;0,01198280673524796;-0,0013758477343952284;3,456237377109215e-10;1,6547505017789942e-05;0,3936489061141807;0,8063005249501026;5,684933160590184e-56;0,770945418692343
GWW;0,0019733542379188258;-0,0010158971143490161;0,06526575397433845;0,010108205271482458;0,001456556277840472;0,00626359717642368;0,42358213446972337;0,478640168439452;0,6967237305076652;1,5232058895431235e-33;0,5491747756391776
SRE;0,004802416498548549;0,00039364024929974773;-0,20764867792669445;0,008952173842890777;-0,0019223471425520685;9,116614860657147e-09;0,7820105944473799;0,4044780149656626;0,26944373057827536;5,01553962577273e-24;0,4784094425888501
O;0,00554586230330137;-0,0012023258093887327;0,2779232171579232;0,011222845129985792;-0,0048552965494513415;1,31447277172676e-09;0,4379301130015024;0,05402777859183977;0,17495232492051246;2,0358012998887307e-29;0,5501319585316862
AEP;0,0030176662952757258;-0,005133004758817304;-0,06879997808869255;0,008245255057334661;-0,0027704686995661952;7,166040252250364e-05;0,00013667688104544972;0,196564412441532;0,6933729738282842;1,025493542016943e-23;0,43120099516552224
IQV;0,00033774006854568465;-0,00022301697302398355;0,18509200605483977;0,013594992058592313;-0,001974815257437148;0,6253403817946613;0,855700116969317;0,3206901578004062;0,2535677954619759;6,485075721846302e-51;0,7022193742983828
JCI;0,0036698031236645124;0,0013836645007999908;0,25874782940537727;0,010893214509077207;-0,002029429929888502;1,971531744880398e-06;0,2990149726062837;0,3468644579906014;0,14169573813309735;8,621648652845438e-35;0,6005172736634328
AMP;0,006501635837214814;0,0019101530166617015;0,3822139438633825;0,013479607210935893;-0,000748933472073708;2,0129641666291965e-22;0,0696833432592656;0,6593664185061288;0,006221499622550064;4,077867475497579e-60;0,8029922329221352
FTNT;-0,006834196508598373;-0,0008542043852095506;-0,1537813796597142;0,011602306951568796;0,002588758928914157;9,738116063087443e-08;0,6971442043543989;0,46669777471234664;0,5955860481787452;1,6499916741092078e-18;0,39167484779570316
CCI;-0,0008355022155790844;-0,0039312264540018755;0,47721752505578213;0,00861994670337938;-0,00460307125427571;0,3188116390902794;0,008647434064186508;0,056673273108168325;0,015603158462117378;2,5264519852341104e-21;0,40380672826642805
MSCI;-0,0053160219862125446;-0,0015035924089264164;0,23506503917580848;0,011099558527309972;0,00041054141834532355;2,3708007744476644e-11;0,26061873493750676;0,8493683029717907;0,18297721626829128;1,5625216418403257e-35;0,6052953915519339
DLR;-0,002204390002294659;-0,0030909924962379733;0,4997273185521903;0,007735832814701862;-0,002839304237773663;0,013994957002539993;0,05138133585115342;0,2676740757045429;0,017265633524732198;1,8241594957173481e-16;0,3428609039998427
FAST;-0,0012382257746699336;-0,0012778095157629568;0,3020600363907941;0,008872205510429106;-0,0004778250761266489;0,03348466659875283;0,2143287037798833;0,7739570764359951;0,02677229260560351;2,333988205343645e-37;0,595414593001949
FIS;0,001837674413611361;-0,0025345931657158103;0,07690863716547974;0,0113091292014373;-0,0071728606606596326;0,07087845903308786;0,1594494662661673;0,014438563846573335;0,7457858819713876;5,043928467656113e-24;0,42325041334538427
BK;0,0066722294274481906;-0,0004783035790336451;0,17398948637900802;0,00981892966251194;-0,003101240466400152;1,213990679018976e-19;0,6841844210552943;0,1045053851907669;0,26289544432661877;9,906448815362204e-36;0,6507863293108507
HES;0,014013467685357162;0,0035710501067745585;-0,38906794662554445;0,01083037438727488;0,0016263855879420008;1,2721333824183775e-24;0,0934241080412998;0,636048285458691;0,1656407915104698;1,5143875155445858e-17;0,5497078944312422
STZ;0,002792919195786187;0,0018628975090960959;0,014473509665447188;0,011012341971648795;-0,0017482620099789103;0,0003937166192059156;0,1767679207716405;0,43314305122244234;0,9364823560437334;9,691110334849487e-34;0,5737542226202614
IDXX;-0,0054410092635218165;-0,0026530022178517143;0,1786815089086397;0,012775217164448216;5,7850475993521796e-05;9,653501727097009e-09;0,10147789048736178;0,9823509706297253;0,40216730471647133;3,187226864914459e-33;0,5665712975502846
KMB;-0,0009765675671463358;-0,0044218764268057495;-0,177321865077561;0,005801595194342503;-0,0016695614743363302;0,1328693972948619;0,00015659025525430154;0,37021579358601464;0,24317200757232876;3,029087826969268e-17;0,3056100685116844
A;-0,0016783015058748863;0,0015800616083451774;-0,0023323958568392984;0,009067062048204285;4,310131683969975e-05;0,008186747952268463;0,15783848072824988;0,9809759204124033;0,9873659730577943;1,9547992925414e-34;0,5727807413347561
DOW;0,007890839939813763;0,008339744769383161;-0,3347132100374623;0,009440082791448349;-0,001723089731656293;1,7163823760448769e-15;6,286675716969949e-07;0,5124185798337273;0,119296011738814;2,2404539868090027e-21;0,5627118440957474
AME;0,0015605649615880331;0,0006196842946736713;0,1931139191360578;0,010189951709264424;-0,0008306780452011676;0,0024318689472863594;0,492628239785757;0,5700572345422599;0,10613919820082121;5,317884737726254e-52;0,7210718378852268
PRU;0,01021035094591184;0,0018850873119281406;-0,03427238676397488;0,013484723730903316;-0,003072288119514865;1,19602580163513e-47;0,04680404664993938;0,04546130340173195;0,7831904723567651;3,46102053728922e-67;0,8547761172392728
LULU;-0,00354931510489609;0,0014287957093507768;-0,4424635829711338;0,012727915165424633;0,0021037994918672634;0,0004470544798776949;0,41885232920402493;0,46232532255485914;0,0587602188259943;3,3807359354886053e-29;0,5062996606800954
LEN;0,00152768858135565;0,004718686363262055;-0,049347207371113526;0,014692179390015858;0,0011793318488095568;0,16037649553654357;0,014973120634378535;0,7053456528914515;0,8460333324619604;1,2910252957423602e-31;0,5524180952043348
MNST;-0,0005362533382912687;-0,002137657783308602;-0,025145728385856533;0,00820246116045459;0,0007860054197693969;0,42954168170798557;0,07670331941539991;0,6867093713944343;0,8741660518659589;5,4911300191907745e-27;0,45015126460738764
CMI;0,00480513443854771;0,0008211578079258109;-0,0619917720826694;0,008879976824842001;-0,0009425559075780823;1,252657147836632e-13;0,4445388402186998;0,5878051437857115;0,6617330353742914;2,7617053569350187e-35;0,6208688413301995
D;0,002273099241435066;-0,003947396258718581;0,08053576205591362;0,0071726819389165445;-0,00490716347432581;0,0025932613438819914;0,0031691337400859133;0,02292125626468902;0,6448402447111046;3,20849093459153e-19;0,3643323273114508
CTVA;0,0063603765991152314;0,0038706312540975362;0,2656597184499004;0,007809502431822097;-0,0007119863925786586;8,203315379433102e-13;0,009395195436180932;0,7661564261477933;0,17419667579063342;1,709226877631066e-18;0,49356056949396343
ODFL;-0,000704713900625383;0,002511858989939522;0,13303189496026366;0,010261219966108836;0,0026052342937638393;0,39929136661594045;0,09111234965008605;0,27829256008032843;0,4965258573339937;1,3420580615712263e-27;0,5011612765812274
OTIS;0,0009022407920080383;0,0006698351454217053;-0,15078880411697454;0,005338448117875353;0,002149298094306818;0,16095829780626542;0,5565300238519864;0,24465175128566466;0,31630145178730706;2,2009486389562142e-15;0,2987742635981444
COR;0,0016466114119314033;-0,0024144238582352183;0,5211609721762759;0,005916616978852478;0,000963932128266473;0,017955346090831045;0,0498976563050447;0,6273323267747859;0,001462333983843946;4,2422852180375024e-16;0,3578928602590139
PAYX;0,001592912102819833;-0,0013852332483407284;0,22080372363463072;0,011243134424953933;-0,0019320192922869341;0,012005806224822203;0,21534967069922903;0,28577725965007317;0,13490400051903711;2,0553686388341298e-45;0,6620989780857409
LHX;0,004079432811121516;-0,0043555888377270115;0,14990758537207163;0,008999752387605064;-0,0027029718246399975;2,215288477257613e-07;0,001451292569771341;0,21754403820601897;0,4008715023767945;4,209075262036202e-26;0,48772905047966775
GIS;-0,0004035351494443465;-0,005107484655518779;-0,1450125294710291;0,0023183187273432093;0,0005613398573536849;0,5555341942788103;3,767878501760874e-05;0,7752137035067733;0,3657506172904049;0,0005678915068812044;0,10465663261818092
HUM;-0,0003459284617610718;-0,0050923569776411045;0,27172183814567435;0,009539069907543156;-0,0022365006310750345;0,7546371416591846;0,010071262982435556;0,4820075010022332;0,29488441913487656;2,898051055087026e-16;0,3036880173026758
CNC;0,0009709643796474565;-0,004892669844813403;0,7452285498463764;0,00923685718199069;-0,003892738843197238;0,3644869015931259;0,010513038004263283;0,20605845299290967;0,0032312825532549196;2,594534852632436e-16;0,34355864637358013
SYY;0,006972839391469522;0,002264272782774571;-0,23542849781536376;0,014333694767517934;-0,0038161625340075354;2,6912700457325793e-11;0,1981294140780633;0,1806089867026668;0,3103071498747749;1,1800137062612515e-34;0,6074194012471728
RSG;0,0016567050286973239;-0,004516452689109994;0,10944594109367563;0,007910997968473615;0,00041858542757196315;0,0024296937650373648;4,38612211958949e-06;0,7873895352941419;0,3872281349966361;3,4630813560480573e-35;0,5600165636879556
MLM;0,0051092040482385885;0,003531680652912929;0,006946480577312086;0,011431460726475242;-0,000287623705005777;2,336138749637928e-09;0,015683533818054794;0,9026090396693536;0,9710694381734843;5,0574634724655314e-33;0,6012537845137278
CSGP;-0,0027801975438392964;-0,0013115224837337983;-0,23870678884827695;0,01099810622017346;-0,00015227483599832773;0,003572413383538321;0,4338841273363896;0,9552306269175608;0,28084402219863414;1,4462947330114858e-25;0,44324727819066123
PWR;0,003908438409994671;0,0035570155836454364;0,1339725781372065;0,010234229647976573;0,00482059286385108;1,079261353647346e-05;0,021560808975535143;0,054035559345716404;0,509443321747775;4,6282154481648884e-26;0,5177656560157895
IR;0,0039892020225177766;0,0032995523809834235;0,0020191906258297016;0,01117760167803713;0,0005676539761303936;8,558581953413284e-07;0,018794396662028843;0,8016193202632921;0,9912487259088756;8,40324851711836e-34;0,5963432514344188
YUM;0,0029535007272994537;-0,0025461165278251466;-0,07843078236751996;0,011001837484973506;-0,001451118263699827;4,549236313498198e-06;0,02304139645143464;0,4212816093761633;0,593594306484253;2,3684232463666333e-44;0,6478551529749261
EXC;0,0024693113832040692;-0,0032201015940402557;-0,20639605682332954;0,010316000562594808;-0,00160167774967157;0,0009419208173302486;0,014413656879469368;0,44939062368926885;0,23211455345041276;3,922072989116057e-33;0,5298154735803312
GEHC;-5,639405007816437e-05;0,0023846256904508064;-0,016351678044869054;0,0010618625870733058;0,0006742680117536494;0,914825885317676;0,011404138930483372;0,6562651173308767;0,8946015572818754;0,03864300936082655;0,06921979132548672
FANG;0,015382860478395304;0,0064913528388153285;-0,3631980027457606;0,014795279588291634;-0,0005189850573573224;5,817364648685492e-17;0,030543101306704956;0,914484758050056;0,35691417617963817;8,940053979631849e-17;0,4878269596732304
IT;0,0024087965715916546;0,0005557075889787363;0,1412729671062645;0,013027947045091345;0,0014163424886339112;0,006479553910899496;0,7208427189341098;0,5740008290922214;0,49146411990678773;6,984561447190109e-36;0,5843127506151384
HAL;0,01575010771298739;0,0059702817053655126;-0,6850103965923513;0,015016251798261453;-0,0003044980292016621;1,4018168455168293e-20;0,027412145349065206;0,9442977847225111;0,05483909755287889;4,319802262769137e-20;0,5444269952496923
KR;-0,0002357520706299078;-0,0031532527348735935;0,08229150670583174;0,0022816615883051437;0,0011350096720665294;0,8036209451893448;0,06183661979966158;0,6768891384718945;0,710802918796286;0,013665423940413013;0,04041542969843448
PCG;0,006505145524020872;-0,002600253846538451;-0,1422464130384233;0,01490132880718277;-0,0008215666448157166;7,238370922588083e-07;0,25038605287529525;0,8223130703894551;0,6333288992112495;9,750397803928522e-26;0,4762582277677414
VMC;0,004711293820432154;0,0012232963846384322;0,022708719235235694;0,010078081935281853;-0,0006241957009532872;2,795761849126746e-08;0,3985824276436061;0,7901236120746675;0,9054087619000306;8,564352462123878e-28;0,5293467709686719
CTSH;0,0021334716172524853;0,0020537571771461404;0,16539306443263738;0,00979738190756237;-0,002146626032276399;0,004971069862976641;0,12476608025280805;0,3210530225092649;0,34806874034400515;5,593766292295509e-30;0,538502063003486
KMI;0,007511815862566011;0,0018089107995900662;-0,19983446899281396;0,009129771939180045;-0,0028852299310675026;2,8596719575337253e-20;0,16388331815885485;0,1703659894335711;0,24359387750543968;2,9137307033030676e-28;0,6010160417203179
ACGL;0,008533419078806;-4,8506090997258366e-05;0,1115707753069338;0,010836428688686273;-0,0007066669350057819;1,152308542899204e-18;0,9751150050630292;0,7790519384593513;0,5868360267085896;7,695930904620877e-28;0,5859981949526455
MRNA;-0,011694021665928556;0,010121787044964081;-0,41431312362849526;0,004003555769984128;0,00818254152357691;1,3263761989156775e-05;0,030481142005197713;0,2780751677166717;0,4999561917264984;0,11615258675859745;0,12859308810804504
KVUE;4,5985766169577104e-05;0,0004464053333752212;-0,02536969775083175;0,0005893388611856381;-0,0014744471556186948;0,8848491581705354;0,4282895974108011;0,10708486326646782;0,7328835805852346;0,056466841595017594;0,026915554512611295
DG;-0,0022737865941272343;-0,0045657313417348105;0,20584393778577859;0,005464175699489411;-0,0027559050409999364;0,027293972909232685;0,01259757309115852;0,34930318991613196;0,3908780667596641;1,0475172555390458e-07;0,16480029452036582
BKR;0,011598016489851051;0,004299009552678645;0,273597161123808;0,010613781773741246;-0,002513379380922222;3,8332712436667726e-20;0,033408939510751814;0,4403882826305685;0,30297866695648906;1,7774835584215175e-18;0,5388854180458225
DVN;0,0157206806888844;0,004472102564703151;-0,1871331763957107;0,014032016180090581;-0,0007380398136939335;1,2691647403447917e-18;0,12013863117089933;0,873806026222271;0,6212644524714641;2,0004261714246064e-16;0,49279088451047337
CDW;0,002451939963686388;-0,0020366557944896673;0,13042040909585223;0,012488407792663098;-0,0013869105716725516;0,0004526099118594274;0,0964823888129019;0,48343478721998046;0,41878058486670233;3,0076906220754694e-46;0,6662315974595356
EL;-0,0006317125724877947;5,8586086319629095e-05;0,23584211096726526;0,010031793190092486;-0,004927283709838616;0,49211827413809495;0,9713278583017697;0,06310240329597666;0,27366737544678715;2,986872091837823e-23;0,42781189005627174
ADM;0,005686867790361209;-0,002412877893303075;0,3098709215547485;0,007680811379128006;-0,0010325570561805155;2,3459627992933674e-15;0,041300439979580786;0,5880276415115591;0,047035140884269876;2,3847545081648476e-25;0,5469013537631227
GPN;0,0028698649571916746;-0,0008580917809514765;0,017819695513028425;0,0135495904101016;-0,005232007530970132;0,005424488063415114;0,6360995453374096;0,07592919559527507;0,9406384728355005;1,0243902147990045e-30;0,5186420131351694
PEG;0,002802915253735771;-0,0034353682537587474;-0,24077420522357948;0,009770516699913955;-0,0016743564458019202;0,00011443697994908205;0,007115813816592849;0,4142312416676325;0,15034186892090826;3,839160544141609e-32;0,5222305991786083
PPG;0,0032740889473639283;0,0006660883836545517;0,05348737477677369;0,010669759540565016;-0,002428557485142852;6,659753376425908e-06;0,5963506165702323;0,23379969106830362;0,7472125346247844;1,682150082716343e-36;0,6011196111524515
VRSK;-0,0033716232127925416;-0,0031836666706138053;-0,005044755352884355;0,009222566702809807;2,9329807739652755e-05;4,205019553688821e-07;0,005872627609906726;0,9873809244979355;0,9733683140283739;4,873950273627905e-34;0,5559099970816541
DD;0,006222544525280841;0,004801118977972583;-0,04036175026220817;0,010604514197662276;-0,001891785174728665;1,8159281973499052e-14;0,0004087276785942305;0,3830010899113975;0,8191761257071153;2,5977107693291882e-33;0,6361342530977951
RCL;0,012413468807543335;0,010526766077277865;-0,8418501634068452;0,022966299463776776;-0,0034994012091589814;2,1537991219549455e-11;0,0008388570006955525;0,48735131126965403;0,04124027738930395;3,1874407379018026e-30;0,589779895801271
MPWR;-0,00441097866341327;0,0020014020572796743;0,07219709265888953;0,01380939413417361;0,0025886426618623028;0,0002646748358170577;0,34332600444718275;0,4490296534694541;0,7954344413959313;1,916878294032567e-25;0,4766664718964445
ROK;0,0009228871313687264;0,0015370329409771836;0,08137312369934313;0,011563482266909123;-0,0011387614461271795;0,24239048138895675;0,27219198653697924;0,6150649503254901;0,6592215449806385;2,790262395432974e-35;0,5775163624442052
KDP;0,0014486069554953958;0,0007213519405261247;0,05342103934782607;0,0046454084877313164;-0,0008942968513531629;0,014277936220432419;0,4885258423721325;0,5958966244646808;0,6974192833644763;2,985236041069991e-14;0,3030629577558184
EA;-0,0022514490546689603;-0,0027303367336147647;-0,35275122205396353;0,006371025985326411;0,000492193431430242;0,004814656546035583;0,052657825768297105;0,8284794574992081;0,05780815581659907;1,2004857647542806e-14;0,2732592998619823
EFX;6,55781585727798e-05;0,000955290256319036;0,15684171563308652;0,012598533795118603;-0,0008801528071464983;0,9429499584950356;0,5568317786589382;0,7381350587758955;0,46495210586326385;2,624195203144121e-32;0,5416032234695958
EXR;0,00041694159803635095;-0,0008130219106160217;0,2429892752737957;0,00968035795543239;-0,001172478027771056;0,6457690982942186;0,6133107049219675;0,6527209556783664;0,2530944359152286;1,695073989488358e-22;0,41251935781721516
DFS;0,012754833660855901;0,0015382473966664852;-0,049032323413369154;0,019618648655180218;-0,003633789633223186;7,163207685841543e-20;0,4906211542788762;0,3150342383218481;0,8677096998098542;2,946928024390539e-38;0,6682985402630408
ED;0,0023056676888600696;-0,007548927754713139;0,3005672526611307;0,006126400310757802;-0,0026098906789484627;0,0007405080753053032;1,5739304079791247e-09;0,17848788616838113;0,057794234350595684;1,1712509698727003e-17;0,39498669537711284
HIG;0,009291645577118784;-0,00042840410161825045;0,17115059493535184;0,011149369371051637;-0,0022840472531057573;1,3806481376401348e-27;0,741774636504292;0,2787105609032227;0,31910462592011396;5,221880722565854e-37;0,6906892080720451
VICI;0,006065260326561318;0,003621261295605793;-0,282402719002619;0,012960524639373099;-0,0014680240896251006;2,3027511463325576e-11;0,018094064239268057;0,5515536581232772;0,16066179534542463;1,1239245817751206e-36;0,632855779453904
FICO;-0,00020436979577817684;0,001253636890266007;0,12227530873414437;0,011803465218525778;0,0020636420817093477;0,8481468422358477;0,5079901384424617;0,5010940442585665;0,6246194747045374;1,048382358469963e-23;0,4346397078728079
XYL;0,0031164452388750714;0,0011620837364614018;0,050717811883375805;0,010677945658252062;-0,001185883093203629;3,915589327916866e-05;0,3777348068297701;0,5781589662065925;0,7703418373307089;2,285408794997286e-34;0,5809097161518981
DAL;0,009735959682527866;0,004790208233032841;0,11318202191515678;0,017533909911662426;-0,006741771792618703;1,212336618882674e-12;0,03677564798622068;0,06922618044153486;0,7070795395741136;6,350778597755387e-32;0,6049943968974254
ANSS;-0,005931742206968292;0,0006126054010503801;0,35238834486864334;0,010946524621979582;-0,0019854942021943316;1,175027269348074e-14;0,6281589101995008;0,33288607754845967;0,03572946207724835;1,832163474573489e-37;0,6488658573808355
XEL;0,002217028957549411;-0,007884991964059104;-0,03277790040269652;0,008546447941564601;-0,002294220617708716;0,001984418064280394;1,9729594758211803e-09;0,26035602577213596;0,8433287619504982;6,834219903438695e-27;0,47221495042473793
BIIB;-0,0033083411529332704;0,0011348856897745493;-0,03943115191648712;0,006462862008441512;-0,002254304771870871;0,015555250710439684;0,6375113252096228;0,563413574239526;0,9012610647198889;1,782391812193337e-06;0,14477430810000413
FTV;0,0021328142063628836;0,000263353793893401;0,12870594568628485;0,010823045724378488;-0,0025328561310173107;0,002080135939704257;0,8283298481468657;0,19875941078940992;0,4223501830497415;6,542182072435818e-39;0,6141096408948704
ON;0,002708708552266306;0,008459183946960724;0,039282588443833574;0,014119379690306947;0,002181238311720446;0,03451354831297145;0,00023233961545576846;0,5514122900532363;0,8952258853185582;9,030771882842731e-24;0,4911342333982327
KHC;0,002550748183456215;-0,00046020837983103233;-0,27449204430573104;0,005282202935268697;-3,6233423053760016e-05;0,0008562685419321633;0,730998890055524;0,9866644045491332;0,12131007547658426;9,292227627940395e-12;0,24923747799371865
HSY;0,0008592721383892147;-0,0052509226496328274;-0,012796963172773698;0,006466960600774027;-0,0006431900441714579;0,17383005327231768;4,728555725200112e-06;0,7224805393025846;0,93089070664124;3,3345297548241295e-21;0,377257118917952
WST;-0,006083076252413572;-0,00026016490313305045;0,20173414872621162;0,00871029844416274;0,001400726459186773;4,1116933242912966e-10;0,8742715794285362;0,5990059101267311;0,3530588635857492;1,4443789721530235e-18;0,42773126347921286
CBRE;0,0065359615778558065;0,003828676533644298;0,012466265890693762;0,01280358264543336;-0,0014161379957412866;3,8963294178249135e-14;0,007780061647162026;0,5399895552330747;0,9471927166180877;2,767085170051023e-39;0,6701019338161102
MTD;-0,0016611045961530992;0,0012034373014593053;0,15152071840573056;0,009979942652509611;-0,0009112621647453001;0,02586816650687229;0,36026923000168976;0,6686163432822203;0,38277126970172237;2,0830009628287285e-31;0,5405827208267076
KEYS;-0,001587924687540408;0,004243143369339011;0,3395815288173552;0,007799232493462783;-0,0009621706889598527;0,06072305753857761;0,004945309269070019;0,6911760090149428;0,08640331901364308;3,914064373489872e-18;0,4133068243236595
WTW;0,002327676234550891;-0,002749706589543417;0,10661347179455848;0,009111957306701304;-0,001899048889976104;0,0035069911089034454;0,050479063145077545;0,40247442006378176;0,5639087609837161;2,966998425501327e-25;0,44840777574142077
RMD;-0,0034326263569956967;-0,0029381074871048596;0,31113015379110104;0,01010646075298292;-0,00291858547821754;0,0007501422156103891;0,10013545087263506;0,31226297669896785;0,1865887664373025;1,3330151455159553e-20;0,39669989694004093
EIX;0,0032322739424439826;-0,0036294434778821644;0,008802042621554217;0,009982854264627215;-0,002928114698519252;4,331745420204571e-05;0,008773933147881552;0,188946694683613;0,9612667026831789;1,4908391270703713e-29;0,5052207877748407
CHTR;2,23835684852755e-05;-0,0016649734443675763;0,08521007053464827;0,009733233669441094;-0,003795523628917151;0,9830302888913172;0,3728076300432127;0,21014296345221456;0,7294435996065857;3,9860097703288e-18;0,3320038695685221
TSCO;-0,001216725315982789;0,0016246867440255705;0,2742877919864391;0,007343421140288911;0,0012996458500893822;0,16651199046059686;0,2970822626060477;0,6062023532985661;0,18265394261844334;1,5299772212509588e-15;0,33091061855752835
CAH;0,002182639266919232;-0,002405503250156287;0,2903838250960362;0,007353019184475698;0,00030533857659011685;0,012503761962750447;0,11890785348415343;0,9024465798441009;0,15359880511647586;7,400379790215825e-16;0,3224010486304304
WAB;0,0075556403780026255;0,0058516132410771585;0,20658781970314757;0,011570008980783255;-0,0014963614879550421;3,646824931500548e-23;1,8299320947128212e-06;0,438753245419063;0,1901821039689848;2,343946525482015e-43;0,7416463844481809
EBAY;-0,0018086143825848432;-0,001902055992870719;-0,059438125765726164;0,012451537947771889;-0,0019435059992873524;0,03916983905211355;0,21977947908159978;0,4383377060086956;0,7710163372190637;5,3561973066914276e-34;0,5400847294651914
DLTR;0,001042000305725028;-0,0005748634154816788;0,04253449352667385;0,007495546939819037;-0,00012601997933357005;0,38606822266672347;0,7872725132413614;0,970862117029952;0,8797475372199528;7,956395480674176e-10;0,18997492441985742
ZBH;0,0026343105093717496;0,0032123259965906935;-0,20883000977478897;0,0106080335358173;-0,0030199411066888717;0,00044250024319703404;0,014894619590303965;0,15556675010717425;0,2278366303885764;2,7138118540047014e-34;0,5847500201349818
LYB;0,010520031567511216;0,0065932208927034506;-0,2764483137084047;0,011768184532070675;-0,002440887935985538;1,870336226706489e-25;3,371383596039845e-05;0,333491826501478;0,17936859027671678;3,251551087441922e-31;0,6706775368866666
TROW;0,0002717537936635416;0,0014787311005184005;0,16447070752939322;0,012380766283632242;-0,004208521095503062;0,7212970788089572;0,274366353848908;0,05551035600800425;0,3567790701019411;2,4429976779940746e-40;0,6268408327265728
AVB;0,00461091488652544;-0,002196221633236851;0,2052475803371063;0,012037629722171385;-0,004295378593564294;4,768772378755143e-08;0,12917635728988808;0,06726528482159275;0,28196613672480075;1,1537884570702956e-35;0,5944801441029813
HWM;0,010408907990226162;0,0055445258934361825;0,10956307886237857;0,013660011734776012;-0,0014187647180337985;2,6566111316869945e-19;0,003112179518939105;0,6369235607427899;0,6546462261727778;4,393851003526138e-30;0,6306232774481485
TRGP;0,01503852807929352;0,011310417743063057;-0,971118773601794;0,01676675654798361;0,0019308524173813658;2,27007944578602e-18;6,219149493586875e-05;0,666897324352439;0,0084264835018374;1,0704653320870701e-22;0,5738407669295364
WEC;0,002057192801456824;-0,008530847865618852;-0,031015529076933473;0,008445404738059825;-0,0026163912041779003;0,006013468965808149;6,351484888941851e-10;0,22043460078701782;0,8582676199490814;9,992077412368814e-25;0,4471349293559014
HPQ;0,0040809220356816805;-1,5131927171219754e-05;-0,16924502098112038;0,011744643884916486;-0,0007488613345304125;9,595954935745185e-06;0,992435384855555;0,7720764279769978;0,42209064604687097;4,6289778731774564e-30;0,5249619690083995
WY;0,00512812800471131;0,0008487573400639609;-0,034765992824268434;0,01508707643440692;-0,003042366557912012;2,190317772957034e-09;0,5595030788758811;0,19725126221645506;0,8562259324769479;4,462599689549871e-47;0,6932814890508677
NVR;0,0022083423885683206;0,0023851493917275797;-0,23526679460495514;0,012404581820836109;0,00043935859528950485;0,015118611290930197;0,1371935395282477;0,8654083518900691;0,26608439930214145;2,6597547044049776e-32;0,5468688272793438
CHD;-0,002401080849604299;-0,003549861680351829;-0,2653691613588152;0,004021870130567132;0,0010356210989972473;0,0011915257887774695;0,0066830832992008;0,6221343307435355;0,12219684043933769;4,510595365010171e-08;0,17668260251702295
PHM;0,0038708622930635106;0,003931668096303807;-0,25137246666932567;0,01664259808154664;0,0012714434254106502;0,0012507422263985546;0,062311507465619746;0,7086186619506452;0,3649697532759665;2,722269403126621e-33;0,5674218326077394
BLDR;0,005674226782648674;0,011390605588032595;-0,20664672453177302;0,016710479762592236;0,005362206887655046;3,607465968468109e-06;1,920346883939896e-07;0,11863929453876862;0,4594743914032382;3,7379085508978524e-33;0,6236493729572735
FITB;0,012819904349403343;0,00607510120952814;0,070498244115299;0,014551706143670625;-0,0036998110302024962;5,559711143138164e-42;6,441775109806279e-06;0,08306267638501347;0,6842361127888412;6,825086013743946e-51;0,8093411740747509
DOV;0,0043663081902008665;0,0005690787309306693;0,15294469629712396;0,011894832209697755;-0,002210856087308128;2,949116938537902e-11;0,6056896718694003;0,2163348636245485;0,29366185195194844;2,427343526842738e-49;0,7174344248723418
GLW;0,004761660923748434;0,0003725001826008233;0,02402322692599338;0,011094574013258465;-0,0027684598785088278;1,0792232497633622e-09;0,7781906990409956;0,1970493371207727;0,8905197628907985;5,9880052154671264e-36;0,6088550332845719
RJF;0,006687884530783905;0,0031052055398310577;0,3160389637355483;0,010320207635819095;-0,0008521235462546112;3,092985660483206e-17;0,01632262404022221;0,6820142280305559;0,0632748069845967;6,0532985493894376e-34;0,652125661753209
TTWO;-0,0044735449199308636;-0,0019197117999848576;-0,14078534142389817;0,007302771696222094;-0,0001502321671669251;1,2341197621020564e-05;0,2794760711443269;0,9582660599378647;0,5474903329845954;1,409782893910856e-12;0,27716842439900646
BR;-0,0008563273814389672;-0,0013818050481500053;0,21572171561381007;0,008321562088740813;-0,00033973771305160605;0,16925068210445246;0,21086044879541258;0,8490827327726775;0,1391852476485952;3,764314120614066e-31;0,5214424323528462
NDAQ;-0,0015147419432723548;-0,00160872475791603;0,11051332053028791;0,009854248856294935;-0,0004971539517472382;0,016102539038474167;0,14769237658285195;0,7818449125286604;0,45028619116045676;8,622253391753656e-39;0,5960351203367342
STT;0,006920116315327953;-0,0014794744156154298;0,1628675666085211;0,012080833936255173;-0,003899452871811996;6,834226504566244e-15;0,3115647101478724;0,10031062678955723;0,39847043450460773;2,769445096494054e-35;0,6223779360958397
WDC;0,005777580710016289;-0,0010256826188913084;-0,24490370005757056;0,01611582466129365;-0,004190954636825203;8,875064058815853e-06;0,6486635654870494;0,25103319448851613;0,4100666408342678;6,230590943632954e-29;0,508782620056756
MTB;0,01206259554405912;0,005527222798249278;0,062433248675262745;0,00940118705154508;-0,004060083835093996;1,3301429069505271e-33;0,0002069827575791233;0,08810665725304463;0,7467384024638843;9,882729391539542e-25;0,6735345438489178
HPE;0,006620368095688016;0,0026533287937426883;-0,10421224924412695;0,010303668459455692;-0,00223187522259656;2,771353296341517e-14;0,06554867903071265;0,33742068224051325;0,5822657931915838;4,772938880691611e-29;0,5813948027191463
AWK;-0,0007488654931608172;-0,004230829824505547;0,013393402350535197;0,010466438755745851;-0,00232412112646936;0,32978622251485246;0,002125161449335428;0,2924711905113971;0,9405744935476188;6,013776206631244e-32;0,5080349021209817
IRM;0,003983415815069534;0,0005535952143983329;-0,3391109009637649;0,010686198963472745;0,0019359989880349572;1,412911516009471e-05;0,7276807739373168;0,45238928706445525;0,10713720217031115;1,9169507023709798e-26;0,48304816230292547
SBAC;-0,0020841351924250607;-0,004519197561748861;0,3650754782884544;0,009264891641760581;-0,003157947079371071;0,014037692173743904;0,0027681853303881186;0,19270312322106925;0,06516542846710222;1,6080077671566654e-23;0,430641928050045
GRMN;0,000431970733686975;0,0008700481305085273;-0,18050583536541756;0,009958604764962678;-0,0007538796694032078;0,5031298752629205;0,44707596500236724;0,6840483490403972;0,23252997099532885;9,302353197631576e-38;0,5883458392880335
ALGN;-0,0010038715919910093;0,008501964502464187;0,26054211435160557;0,01668817226543909;-0,004847270231190864;0,4842788975817517;0,0009752983518938699;0,24021775251859362;0,43809778300299784;1,589517827807836e-25;0,5036083407001029
DECK;0,0015603956779844056;0,005382220353920535;-0,22681334466088515;0,011705009279892618;0,004301488118223341;0,1742276994332803;0,008634426664119276;0,19217132894179828;0,3981524332150007;4,53787806693612e-21;0,42455281460680416
DTE;0,004887041712174479;-0,0025674341480389166;-0,01361229459805465;0,00911160044627399;-0,002456855499578908;1,698581389653347e-11;0,03587654552819878;0,2134663540066736;0,9324618082494547;8,544460873942773e-31;0,556395008542121
STLD;0,006914252720334536;0,005162789791191456;0,15856719586861795;0,01093064472540915;0,0023961980183135234;1,0531380924557435e-08;0,012768369581577729;0,4723957435479077;0,5594429922108767;1,205188457393354e-18;0,45491258127177203
ETR;0,0033464425486529133;-0,003983213147107333;-0,09574013360360029;0,01029030785307978;-0,003256118704153264;3,523341645286741e-05;0,0049805960870562774;0,15340154338590645;0,6056839565343506;7,127430878296983e-30;0,5048811968196548
HUBB;0,003556333135074255;0,001219603837121412;0,02957575855431097;0,00939394851265535;0,0011772049756217026;1,9932744376366727e-06;0,3449821625047913;0,5733069091959275;0,8621032270171048;1,2684701335918894e-29;0,5394632193852946
ULTA;0,005753965945528413;0,001408264812210841;0,28813244014206313;0,01297860664416073;-0,0011109976829708516;2,6486053566780066e-07;0,4632323194819883;0,720739084475249;0,25592979649046554;1,1070993166872314e-26;0,5189609989357928
PTC;0,0007675295844649818;0,0019140598584748887;-0,21206902935890826;0,01223887113793622;0,0015587448932997256;0,3699393266557446;0,20784617821553808;0,5259506926584201;0,29009651991895985;4,050714790359531e-34;0,5578119021791863
MOH;-5,246448361228023e-05;-0,00338965358645739;0,6730051762500061;0,009092538864249069;0,0003225968137008133;0,9628285489084378;0,09067896446587588;0,9205348874988133;0,01127999149277993;1,0476518818628637e-14;0,30762669022243316
CPAY;0,003995469920713864;0,0018834851325853677;0,04706698667874531;0,011654710129638276;-0,0032547807680862557;2,6598189761494667e-06;0,20052388420109546;0,17214487288001892;0,80813656592664;2,311444679853122e-33;0,5800347432686183
NTAP;0,0024066641917120614;0,0024573365349289133;0,010161559204975086;0,009716946865724089;-0,0008845759825060989;0,006017524984897599;0,11155931194174613;0,7228157259747868;0,9601147582226566;3,955139243844135e-24;0,4625622014507781
AXON;-0,0034166263415170792;0,008195427816728414;-0,18756190615107873;0,012624269357014498;0,0035860812003369355;0,00990753583746011;0,0005299576950477434;0,34258725464637607;0,5421627121882624;3,302212081876486e-19;0,42521870097052583
EQR;0,004561117074262231;-0,0010382879251550237;0,3438860146431734;0,010776266181543417;-0,005248579366087971;1,931692722527473e-08;0,45358315817963846;0,02006364314929035;0,06094667299277123;1,7267168076765084e-32;0,5783806728988342
IFF;0,001077743218456893;0,0053282913438061465;-0,0010786267654103042;0,010207916650709858;-0,004811912669616679;0,2626902556558915;0,001997936517019123;0,0823594902779779;0,9961731143640832;2,4222806449368457e-22;0,45554867433215696
APTV;0,005700913628560613;0,0058954615246791025;-0,040500420586282365;0,015990729648251226;-0,004299744730593039;7,62971928189375e-08;0,0013359350226895745;0,14449871715492546;0,865710340202035;2,385921359684475e-38;0,6467333019195454
BAX;-0,00033808693757676235;-0,0021352606735574003;0,3712981650433391;0,006014826444883896;-0,006477082270166635;0,6899879397494033;0,15642099918677327;0,008338001910226095;0,062349753861141465;5,112192435253401e-12;0,24787337292962786
GPC;0,0049759110037610075;-0,002689352034246557;0,2455627520286922;0,01127542325800573;-0,0024685242508721526;2,281842228543136e-11;0,03212807419202178;0,22284050233963373;0,13707129172566884;1,3253802459833441e-39;0,6411196259760044
CTRA;0,007510185357625009;-0,004491145068127183;0,23520732185035526;0,007211538176069093;-0,0010157779156258087;3,9737615319210846e-08;0,05562570951363663;0,7883524225170271;0,4458575645145636;5,1182722491302264e-08;0,25713995604847273
STE;-0,00020187012329326407;0,0003455866520053663;0,05642058340135796;0,009338124631129678;-0,0007941549781530511;0,8078193049355297;0,8143677947955977;0,7390556081984723;0,7714932186061386;2,5795182290339935e-24;0,4356055592462885
BALL;0,0010776183475683487;-0,0019791837684432706;-0,12119829402303044;0,010773518673507624;-0,0029604060420625293;0,2646058305460765;0,24803065070718247;0,28595543253653805;0,5915175657148919;4,705360483804304e-24;0,4140743967037813
ES;0,0023665337865671566;-0,006359608613534198;-0,1293816052671775;0,009503280712164483;-0,0036278473341680743;0,0022915326254504807;5,224392876186381e-06;0,10083686786504636;0,4715113012449762;6,2507003789255865e-28;0,47055966353265555
ILMN;-0,004910784055287765;0,004918192374721568;-0,37368114615039016;0,010273826729930255;-0,005497296088322364;8,41451111492922e-05;0,024489292830028143;0,11938813681996074;0,19350887623977406;1,3780760226037885e-15;0,36012591925313797
INVH;0,002450033299960679;-0,002414694660303875;0,005896178729496537;0,012994581950448444;-0,0026195055202356465;0,0033229057471272218;0,10024823579335665;0,27007427260360184;0,9756606716405779;1,0659674125649596e-38;0,5942744466465897
BRO;0,000839776578789806;-0,003028966472943615;0,13227340416833785;0,009734272669863837;-7,450119970475033e-05;0,1980652189713023;0,009290507033782302;0,9682273226980983;0,3859181753166504;3,587881043700247e-36;0,5641583907826805
PPL;0,005972334167757899;-0,005358928411484005;0,05544478818119993;0,011515247448201286;-0,004547707328653143;2,66502589852341e-13;0,00010353666569234529;0,03925852310667317;0,7565581368115384;1,4467586335124472e-36;0,6140600895794123
HBAN;0,013726233142126353;0,006742441722521916;0,08441395518851907;0,010955092491565946;-0,004337781647651088;8,086135612503953e-45;9,318456161713109e-07;0,04574668267336149;0,6317354082577818;6,222428957374799e-35;0,7685303486003378
WAT;0,000849552950298314;0,00039157657317620125;0,0125662618674394;0,008347879574213398;-0,0006204478275556015;0,3204099042722997;0,796001836228936;0,8003381587361074;0,9498748944014593;1,0210327045739568e-19;0,36957292903640826
FE;0,0028789510400333545;-0,0036803175658661983;-0,06005645648924885;0,008515762707190658;-0,003470969755210234;0,0030953700875744334;0,0320980367093645;0,21034829201621447;0,7898874020026547;6,327411830799188e-17;0,3226896376426127
ARE;0,0019788853844736596;0,0013288816460231827;0,0925430890778849;0,010573455459836475;-0,004156743983495116;0,010089779580559372;0,32660978173605615;0,05896755739540223;0,6044351331014532;1,1550648839766127e-32;0,5557680450255158
COO;-0,0015805208113475627;0,00019014731661689418;0,19429696354129528;0,010163478236700269;-0,002324471335718399;0,03708121729998401;0,8869357180543338;0,28387907281883534;0,2716943153242844;1,9406838600002714e-31;0,5344268746011145
TDY;0,0024319873290878204;-0,00013912408416784613;0,22549257762462127;0,010976417060602312;-0,0023308758567200717;0,001055697393197796;0,9147483772135612;0,2688592535390061;0,18956997026197245;2,883303562327489e-36;0,5923361373283462
LVS;0,003408122522983208;0,005433723099696738;-0,2051749338676749;0,009726109641043203;-0,003681128901515847;0,005203040448302954;0,011853007870907345;0,28944120248212735;0,46838486989279093;1,2396529403130938e-14;0,339908548981826
CBOE;0,00022938059593448625;-0,002059447314603004;-0,04765143989770382;0,006242927992244998;0,0003583635624072852;0,7748865747413534;0,14867082909860488;0,8763831387534385;0,7996371291505842;6,942156558421727e-14;0,25034542148360217
VLTO;6,743899366054347e-05;0,0007426144100393817;0,04129344987741593;0,00016000814658010797;-0,00024698181172286163;0,7564352291534959;0,05519434466873645;0,6925359151925499;0,4174884330496129;0,4477283172140992;0,03188018953426608
FSLR;0,0013694663652314672;0,009293883222469103;-0,25729199943582737;0,009835645555906226;0,003521744325039653;0,4052770465126675;0,001640500591866471;0,4561598221175456;0,5040182394268057;3,3751595347478247e-09;0,24434219776857502
CINF;0,006309852712235932;-0,0017318701734303176;0,4317234933728841;0,009229170392162981;-0,0039045516714608128;1,8563095919528946e-10;0,30011608076773294;0,14970958135525705;0,051117548841789866;8,231082154694484e-20;0,4589483695249511
AEE;0,0023143116438951402;-0,005374362915554035;-0,15907698410100563;0,008272467030081054;-0,002029162621854554;0,0006605754019139412;1,0078350275785953e-05;0,2923392814210256;0,31099534567743886;8,35464051953747e-28;0,4705931805516498
TXT;0,0076058403317066;0,003212475753942678;0,17205758679592958;0,012410402292822061;-0,0010245736099196094;2,6657797150139858e-21;0,012066905446354198;0,6184932943594044;0,3052524929368881;9,713761321189782e-44;0,721879505007389
MKC;-0,0008448704279176695;-0,003059452452466919;0,024686291374345297;0,005789323220883463;-0,0027528755855999202;0,2771042423768051;0,0271691651116109;0,21782895083673723;0,8919305875107681;5,486952472314514e-13;0,23831207846439284
RF;0,012889593603506303;0,007741639403884751;0,09932914146263441;0,012558756525761283;-0,003296650075668715;1,345401307571394e-43;6,799329659392406e-09;0,11320002657544936;0,5570475034908495;6,547170860853864e-44;0,7982842234023512
WBD;0,00819234014094873;0,011177557173859798;-0,1606086770718583;0,010077116215148433;-0,007513691347815857;4,181600684897777e-06;0,0003467052038699035;0,13250799563555216;0,692388573966232;8,58504626157287e-09;0,3077902666210861
DRI;0,0062563285075579065;0,0021949962428769233;-0,06865519788743012;0,016239202411895467;-0,0019386726284992563;4,048829003973413e-08;0,26038406505203354;0,5389454802163178;0,789383285419003;1,1642368426500498e-35;0,6044285477653042
PFG;0,009964921585396231;0,0026652262338299863;0,15359491346963494;0,014297161036483241;-0,0025784583267395703;3,3845475241858387e-35;0,023470949085051894;0,17421017043868345;0,32005925429632887;6,103650462993269e-57;0,8085846680687057
J;0,0032589442174060525;-0,000733168448952093;0,1681693332321178;0,00984908005053924;-0,001360191635721832;2,8529121130619706e-05;0,5876213666274707;0,5345459725809236;0,34632559655324546;1,1791905028031317e-29;0,5261413157929837
OMC;0,006578973694917015;0,001735435404485105;0,29028405940382657;0,008490155960592875;-0,0029945190460456514;5,999209263701879e-17;0,1750596761145096;0,14865330020477482;0,086103168001148;4,969463937393441e-26;0,5803603564179874
NTRS;0,005829612560419102;-0,000367117966905722;0,3045067783779938;0,010951597379448957;-0,005011460783136925;7,94840772365381e-14;0,7760057320560237;0,017237903497247863;0,07486077981737975;1,650591702936115e-36;0,6375448943193693
HOLX;-0,0007910825599337123;-0,0012402972331081099;-0,21636878588084887;0,009307991457797706;-0,0002395328399465726;0,3883013893171272;0,4455751584164417;0,9274768744035184;0,3135985601147722;6,7366540096204025e-21;0,3660240600793121
IEX;0,0010964535770047262;0,001077777169727786;0,26902649716735483;0,008441240091802157;-0,001954069863667174;0,05356628711571359;0,28314686010881046;0,229753893545574;0,04312723692711813;4,171868535791266e-36;0,6005905652143112
CLX;-0,0024620276227340504;-0,002975987737951063;-0,4316017574214526;0,0037259633684445692;-0,00015139128830059272;0,007121174071046405;0,06534569718884176;0,9536501492336118;0,043045576166863386;3,291905043517038e-05;0,1157602615933202
CNP;0,005202879889971006;-0,0009072364568489721;-0,37742445933093527;0,011973929437746852;-0,0017618418136893838;5,775388901819308e-08;0,5801829246832327;0,5072800764080476;0,08227847796734397;9,626866979796058e-30;0,526068847939645
LH;0,0023257735710736555;-0,0015349505193564838;-0,042371577996064454;0,011178072451242829;-0,0006343632394427801;0,012194668841469601;0,34775581178865345;0,8104639951206594;0,8441528317510708;3,873882969036422e-27;0,46804730958879937
JBL;0,0032128934417163493;0,0043718969637270115;-0,10098373380343835;0,014239633930061585;0,0020869496777101873;0,0005781326930950031;0,007899457730007112;0,43004543388723104;0,6392050814106509;7,274304750045284e-38;0,6223666990225356
WRB;0,007150631943407728;-0,000985711551247506;0,2611271953843018;0,008270660137658897;-0,0011115453758072727;5,134719913801611e-22;0,3990211447311469;0,5569078961624316;0,09135025543521616;1,7354653523139067e-28;0,6131464176849919
LDOS;0,003352626850635071;-0,003438370154935974;-0,1346592839485343;0,010434637398129415;-0,0018972167513009181;8,053503588122199e-05;0,02094101617202656;0,4288283231202451;0,49065432831466016;2,537451628997014e-28;0,4853975222503373
AVY;0,0037354463518484314;0,001713112967145801;0,2080424827682532;0,01020191892149755;-0,001297191732766516;2,225422392125197e-08;0,13370327137540447;0,48229318068251015;0,16745145227760694;3,722714963538332e-39;0,647408393857382
EXPE;0,005105243244147751;0,00857548487604546;0,20721156399368645;0,016896393012138366;-0,0032687535866527447;1,6701320823149454e-05;4,3761450328260715e-05;0,32675889910108014;0,4453243469145195;5,593237955786091e-35;0,6274880882665907
SYF;0,011535052447724138;0,0035518130200921827;0,10718713099368382;0,016901189234410422;-0,004563311342257713;8,638321132571566e-22;0,06225302397557739;0,1385222667742187;0,668619949236807;6,71740701503731e-39;0,6891868441393919
DPZ;-0,0029840101761924786;-0,0007266994361361779;0,18194007168358198;0,006606809272736619;-0,0005971883560710546;0,0018344008092503867;0,6650855317821223;0,8261191834744189;0,4118216491066641;1,0342444397877893e-11;0,25595849551399474
TYL;-0,00619629884279737;0,0013267673404759647;-0,024416706317661723;0,009373092246328202;-0,0005492235012660653;1,1080816642899438e-14;0,31522897393460314;0,7971948587191782;0,8884979300517477;1,3121683523311797e-28;0,5672938319103662
VTR;0,011021782341519556;0,003047406763350369;-0,20934936776732382;0,01596328466055992;-0,004349265261168029;2,4248719440379084e-17;0,149192057731649;0,20347565112871485;0,45195625797899464;2,692020971756079e-31;0,610822874050499
MAS;0,000885377418506118;-0,00023306225904251405;0,051447413008453936;0,011335179706415803;-0,0014490760489941205;0,2870138209193088;0,874264651131742;0,5437148091115198;0,7912798365512836;5,444749801398931e-32;0,5287293470516913
ATO;0,002343977579482187;-0,005694625978003931;0,08472668507884104;0,00801675758867668;-0,002199144371136899;0,0003083875007439353;1,0781571163314639e-06;0,23190048650276282;0,5714057372632687;2,020390316543592e-28;0,49290752081203015
CMS;0,0019402137582475551;-0,006552159610787042;0,12529749175048252;0,008289140617231792;-0,0029593389881822306;0,005524380596513402;2,463528504784234e-07;0,13797302311543633;0,43996390362103877;1,37881281212652e-26;0,46778393655868955
MRO;0,01594993371468882;0,006851990190862013;-0,125789326821298;0,011389434392840136;-0,00026672236875944924;3,6455741565401e-22;0,00878632464025833;0,949361908679327;0,7132527139461247;6,699031975773387e-14;0,5128238774304645
STX;0,0015187058286805092;-0,0008170580825121554;0,2612403924930147;0,010853640636352148;-0,0018467760527518828;0,15592657323911135;0,6661815644078126;0,5472497311788405;0,29653519798314254;6,475319421269109e-21;0,3930245746342653
EXPD;0,0002234864783218358;-0,0009026843222817668;0,0025230280646246863;0,00919795672570091;-1,949837171625374e-05;0,7413917875737455;0,45255223717205184;0,992001560933562;0,9872994925124592;8,880597635997464e-32;0,5177453775561499
PKG;0,004358855585037105;0,0025594479761389304;0,03235814536011648;0,006357990532243329;-0,00020366359446243626;5,690294232397053e-08;0,06340048545421614;0,9270250078479736;0,858277526629916;4,294564468149451e-15;0,388365202228956
LUV;0,008084317282635454;0,006918234948744606;0,4652628133503306;0,010805756408934554;-0,007435814882477763;6,987828748149588e-14;0,00014008495794229847;0,010706903570575384;0,04929383598398098;1,0648263929263205e-22;0,5650593754632247
TSN;0,0047831607580923335;0,0012193442365594765;-0,03593604667055898;0,006294515952773666;-0,004343055057508533;6,384639938660911e-08;0,4205748675445121;0,0774254009940846;0,8571653000198352;8,964557269144239e-13;0,33558322314392086
FDS;-0,0016800314271277802;-0,0016330377062303957;0,1464207408888176;0,009334477458124015;-8,129162906077467e-05;0,016226556313935703;0,1854977625446326;0,9674710646045281;0,3678600221051517;2,3797283818563816e-31;0,5211305419907437
NRG;0,004353059104153097;-0,0013149783778242908;-0,2921651509382661;0,011655305792760605;-0,0008798407426106591;2,3270379999386045e-05;0,4615467796099767;0,7608715492505533;0,21572397947246053;2,330712290160338e-25;0,45976911682038346
SWKS;-0,0005310704826820991;0,0020110943212362058;-0,4321621963171028;0,012055024136417292;-0,0021062876854826937;0,49843590134147653;0,1491398227321335;0,3501984721789858;0,01933945076964981;1,5536918506361887e-37;0,5888563812615215
VRSN;-0,004266816269552585;-0,003593716540877278;0,2096505258068217;0,008597354081640076;-0,0024261757355974137;1,6196546567687743e-11;0,0008380914744542699;0,15913138181571151;0,13553767604229833;2,6749954407743365e-34;0,5884583356488529
TER;-0,0023630260312058676;0,004068771930292539;0,39671511381833524;0,014433500108191171;-0,0024793014361015244;0,026447339740060027;0,0311096573075919;0,41508157395242284;0,1103557586290914;5,871283897986269e-32;0,5675865695701547
EG;0,006085778832432835;0,0004061919187241628;0,2206293156999064;0,007617770225349223;-0,0017128459120555127;2,4502802440129946e-10;0,8022589186998638;0,514598560287753;0,30332625529372403;1,9899146781532375e-15;0,40292954278659066
CE;0,006520638606834242;0,00403533336554679;0,058208336329295327;0,012599309734622326;-0,0024286036179565953;5,617296202708571e-16;0,002410142040129228;0,2548822167350096;0,7373463689811086;1,1193063120324695e-42;0,7017555881319053
CFG;0,012910976670513495;0,005181095477023946;0,10079448556850396;0,013471394422911332;-0,00503980932350282;7,15641034041077e-43;9,256879697785895e-05;0,017501496482242838;0,5572327141660465;5,70093806476854e-47;0,7969853854286075
AKAM;-0,00408569412575817;-0,003280132343875691;0,23085250368798046;0,007692653114324495;-0,001085478615976381;4,897166111309885e-07;0,019593611028663156;0,631259915930297;0,21109487649614903;1,0360839132018368e-19;0,4067157707232948
JBHT;0,0021684068305164233;0,0002018594195455494;0,07717671051086446;0,008913474378575786;-5,113201842981276e-05;0,004173810917284353;0,8792719123283405;0,9810476342690571;0,6600066647957878;2,341842745456007e-26;0,47662487008695265
CCL;0,01080479338521558;0,012039321739750065;-0,7465204770201758;0,02166236977062867;-0,008176052736503106;8,2680005919229e-09;0,00020732921805597363;0,11471219601864005;0,07739252464572537;7,996730893292718e-27;0,5520631760047165
ENPH;-0,005060311178291331;0,018274898753099178;0,17841227116672537;0,01747399352272354;0,003051592456964199;0,013890006790185557;9,632926819121515e-07;0,6029564217049499;0,7089602410248981;4,348130135685031e-16;0,42675505094280575
ESS;0,0040075547825767;-0,0007054101116686052;0,19717978497021788;0,011458158452145182;-0,004510877133144257;1,9276412411036997e-06;0,6270842567165974;0,056119359150468166;0,304000677210742;4,065852855007951e-33;0,568970099836123
BBY;0,0007998745119302376;0,0020931455251577695;-0,1515356710197244;0,013150606491592632;-0,00333312482594074;0,42377012524968993;0,23832897259536134;0,24629966123653987;0,5172623995363573;2,038683844402823e-30;0,5181773575208268
SNA;0,006793707951756216;0,0028941787406262034;-0,20030188020555026;0,009814049047592444;0,0004002703656597256;7,696840673876516e-21;0,012582019372997912;0,8299969113197054;0,18825254721512877;1,001041689034862e-36;0,6709469655796161
TRMB;-0,00021924232856365323;0,008243396028265754;-0,084868184122938;0,013062434800571933;-0,001848391766293396;0,7962881695703892;1,2452776195279596e-07;0,44892329589187774;0,6694852959673807;1,4765768108804056e-37;0,6451637195684929
ALB;0,004390707553568698;0,008300219653835459;0,24677915152262433;0,014339327477819488;-0,001082533654878563;0,001622454404339037;0,0007961967282621137;0,7842111054366637;0,44392972692339816;1,0525857810863922e-21;0,47280979933635414
BG;0,006307193521155018;0,0019331299435966444;0,19237038545522517;0,007343791279095662;-5,787232134256413e-05;4,934728304602376e-13;0,18330908144740102;0,9803355309516801;0,3152835776035103;2,4452221653919123e-17;0,4622531985993181
EPAM;-0,005474661701758311;0,0031462987159792868;-0,2539878961416562;0,014050134390856112;-0,0009361251883219297;0,0013956394654088364;0,29499748648710916;0,847253423765642;0,5214887726864168;2,3466347622173424e-15;0,3247667963407348
MAA;0,003099569657895452;-0,002341232656222189;0,1530155444997682;0,011926714989907192;-0,0033789738969195776;0,00011752350101406283;0,0959329768302902;0,13765458077298906;0,40849104132220293;1,2439025010779186e-36;0,5860734971772124
POOL;-0,003128117714538893;0,002791989811571125;-0,11598511838997383;0,010430582664375472;0,0007929201930314724;0,0014176680914074408;0,10502135783606492;0,7755529872576166;0,6088688528510713;8,236638107508124e-23;0,4429544393732173
CF;0,009990259471601579;0,005337053479649716;-0,11203194479603948;0,00877583424212256;0,00014585280776661184;1,554343959125872e-14;0,013363523359149438;0,9664527516812497;0,6918377727827396;1,7820300406053908e-12;0,426124314525263
ZBRA;-0,0010484622861451742;0,005398519066319797;0,29577749574854056;0,011710046523940018;-0,003469950090848985;0,3007887553401017;0,002925528881256238;0,23339097476375542;0,2126467731206345;2,5071372611468714e-25;0,5005693686073733
K;0,0011856011918682803;-0,00500930037851114;0,0636832538081258;0,004082275894218826;-0,0021900613332323914;0,07072321020379128;2,3549028378828036e-05;0,24405228418555694;0,6771955683330363;7,647368276978699e-10;0,2155511968104903
EQT;0,007595157036912907;0,0015534686419763208;0,12022333842724486;0,006177510293982547;0,003921167802018061;0,0002078858604962203;0,6635586020165182;0,49796335188735097;0,7986402102279757;0,0017504774586554423;0,11929693336052494
CAG;-0,00016323088022902212;-0,0030025438632828192;-0,2817969056749033;0,004316016530897099;-0,0012961986932152687;0,8397859112727828;0,03700133849478615;0,5763699697839242;0,1369988037782189;9,975912962617798e-08;0,13169943304742315
SWK;0,00437618057706905;0,003568068222872267;-0,0685707062898957;0,013303786470560377;-0,005750980978896387;6,36561056643299e-06;0,0343030337552368;0,03517798971313222;0,7566812459387852;2,3632249433782957e-33;0,5840401091597975
NDSN;0,001350014765363496;0,001766893288487161;0,22373714764811597;0,010964902668692152;-0,001169833496382026;0,025848693841086828;0,09912602984768538;0,4990442632893166;0,11351612778259662;1,778823007756709e-46;0,6875987237096681
LYV;0,004507100813346605;0,00798933553141049;-0,10567094778635439;0,015335675881988036;-0,002308568610438272;0,00026128610103232335;0,0002631139638722301;0,5083179913905833;0,7101250585951941;1,0519288991418982e-28;0,5523266850874455
DGX;0,0010223422522295062;-0,0009240157037243905;-0,0309861437332492;0,007759113407963884;-0,000782199191596114;0,24016438894971273;0,548944343876129;0,7540172610673692;0,8789175047243811;3,555332750866178e-17;0,31808362737754636
HST;0,007729520301484574;0,009556058603495442;0,1564619647735109;0,010844999799929627;-0,003341405725193656;2,5786015120282662e-14;3,768806434886584e-08;0,2183584366776141;0,4788287625885369;4,331511116057478e-25;0,6047447392821226
KEY;0,014169746921223459;0,005751025365315899;0,265991597163756;0,013972606880381554;-0,006365330648911776;1,1179438356034356e-41;0,00010990021474708555;0,0076131682487786375;0,16839193701053737;1,2775309109062379e-42;0,7815622687233968
UAL;0,013578236637977463;0,00836217597762249;-0,11272960154636626;0,019152164408615228;-0,008368692484083427;2,602589490098518e-17;0,001485615079353508;0,04788589253895365;0,7424815995057575;4,059711411436618e-30;0,6203328604248244
VTRS;0,003408844362010005;0,0038619335955233443;0,3680853690031866;0,007681074048279539;-0,006134041446611554;0,004998081617806818;0,07131367758809164;0,07691906979893963;0,19194659563216196;3,4554899452249353e-10;0,2691619757808915
L;0,007874871996585615;0,0005074007031086212;0,21184708892025533;0,009478125158631582;-0,0019435742580623959;8,973211031574193e-35;0,5863474428556055;0,19889085821001143;0,08621687751234029;6,321964358797317e-46;0,76275156387564
LKQ;0,00738879034942015;0,001720514278684054;-0,0329766808715399;0,013847584057544798;-0,002194457221899305;4,326447143912975e-15;0,26643182727654957;0,3812215251700255;0,871601428278676;3,600447454158185e-39;0,6595247176339487
WBA;0,004359021276663508;0,0046884342744867216;0,13468055041308347;0,006460903269742794;-0,006238821649603761;2,2768533681943886e-05;0,009195574403893009;0,03189547136452805;0,5677072412698471;2,8705192472982823e-10;0,30624999213288007
PNR;0,003000611645459409;0,0010193091392344186;0,04514611374549049;0,013211778005225515;-0,001289421338399408;0,000350865713640221;0,4869669472236955;0,5870995698265855;0,815454526780927;1,707030155731819e-39;0,6220979267496699
DOC;0,006337255790234864;0,0013367570217150053;0,02893629215059427;0,012662372892328588;-0,006033180646888229;2,410838135068168e-11;0,40136820654222805;0,02007614356187764;0,8904391374023275;1,7957671901560654e-33;0,5992331893525447
IP;0,006203431878747187;0,002940998023389308;-0,0005212878653575203;0,008076319334841842;-0,003234351404144884;6,887100525693263e-14;0,032649064763505625;0,14568060304559927;0,9976979549122891;7,734611102528647e-22;0,5186733947376896
AMCR;0,00300435758874925;0,0031022511795670547;-0,3122034854215605;0,007681980172320215;-0,0018311461242476745;0,00016247691557238038;0,0263464042424969;0,41581781267064033;0,0895389367462943;7,802137678416022e-20;0,41896445960552364
KMX;0,004047119650077445;0,0026078753816680946;-0,17879136446728447;0,016984056207716383;-0,004381417972678383;0,0007920070358183319;0,21722517488291176;0,20062482041186813;0,5209811648711029;5,135400201096706e-34;0,5697134244231209
RVTY;-0,0022441057020091606;0,0012271911613687644;-0,2487332528737067;0,0087601487677925;-0,0008955718749589833;0,01542855133919192;0,4522016961819113;0,7346834923328959;0,24876542536736163;5,936095056529828e-19;0,36396624211740225
CRL;-0,001900616015526211;0,001288326363710183;-0,01621529494496745;0,01313719206461368;-0,0010144843529679422;0,0553641491207861;0,4622566670014855;0,7206535422960003;0,9440742029311133;7,106191345231852e-31;0,5239344701026858
MGM;0,00807285138840103;0,004604809309996778;-0,25075938522745095;0,020483934680038583;-0,0030441124615806785;3,4722593775948628e-12;0,01821768413295774;0,33243067443571617;0,327209341081082;3,708059359363844e-48;0,7157520751621824
ROL;-0,0022499687689017983;-0,0018283461070625138;0,011878379057829706;0,006315233207111137;0,0016328630110896193;0,008787847304578562;0,2268247401103486;0,5046199957890092;0,9524763060530388;7,110550619811406e-13;0,25330959181395674
GEN;0,0012945908443831636;-0,0001706750357658635;-0,6465774952027389;0,006611283702412826;-0,00047590910180605664;0,25473064998111844;0,9324211633857972;0,8839327569466622;0,01566752423507997;7,948099377137854e-09;0,17005217923865912
JKHY;0,0003661016073918305;-0,0021016770020010392;0,48501055906267376;0,007370679671540647;-0,002906664877088023;0,6443199185693498;0,13604278895037772;0,2027258880299622;0,009540855250744803;2,8595896751455135e-18;0,3667999951169143
WRK;0,00894426805466277;0,0022263819798554233;0,18598734928459645;0,010236171386338122;-0,0036038199519843194;1,710766246148797e-17;0,19137124671293088;0,1916400228191581;0,4076758224415934;1,6804737337420781e-22;0,545851495260133
LNT;0,0028702757733511668;-0,005719955916042431;-0,018047942472613335;0,00881672947490322;-0,002606149764461543;3,396889881367004e-05;3,606446095882491e-06;0,18173277879161984;0,9094465528300255;6,442629738265475e-30;0,5085107619693116
KIM;0,012823545026282348;0,010680096512149722;0,008961947443449107;0,011201966087011185;-0,0031879109321891214;2,616026884734657e-26;2,9696321851808386e-08;0,2891964952179228;0,9707921035699318;1,286921767075704e-22;0,6437051048246936
TAP;0,005993838417405601;0,0004824211547433319;0,04362376277263872;0,007302966068215315;-0,0016889501805008645;3,331275777283297e-11;0,7505592340827953;0,4921804158219688;0,8275705922921521;5,057707203271827e-16;0,4118304070345168
AES;0,003795718651819033;0,007168766839389136;0,44228111528800845;0,010915572559588107;-0,004393127476086614;0,00014006415206809715;5,2130040983247406e-05;0,11936989748425433;0,054714504764586405;5,482643214902516e-24;0,5299617453087351
EVRG;0,0034487246838862;-0,0046748636355246845;-0,09700071185004966;0,00899995771520134;-0,003136640770655047;2,8565505306308696e-05;0,0012521784426281187;0,17671861966013816;0,6074872323412306;5,081175130417347e-24;0,43644825864971415
IPG;0,0066149547471555875;0,0036081394113793895;-0,11224230509535536;0,012804226868466311;-0,0014155892680761328;3,415306324311312e-15;0,009406224444753843;0,5260912423027913;0,5373030146158944;4,693023245279108e-41;0,682147962713985
EMN;0,006729306156762139;0,00552987432539721;-0,06253461100250926;0,012324681889859919;-0,002469605863574812;7,244004880523801e-19;9,316996917512206e-06;0,21135557086042966;0,697238985777985;1,1337771041434336e-45;0,7345102874012066
SJM;0,0006681378020579453;-0,0032620231110064095;-0,14104572904191665;0,0026268065939035806;0,000446449767911473;0,3603755180171887;0,012378258428627126;0,831348743060496;0,4093496203926289;0,00025714193610817357;0,07799318251543741
PODD;-0,004473599876541684;0,004494439335518509;0,40218313111895115;0,010885396018920024;-0,002697397575834823;0,0005791774427969864;0,04899338443078662;0,46387706104340953;0,1808452860909869;6,582470772843168e-16;0,3735252509541199
JNPR;0,001129384738970092;-0,0006569385850819793;0,2966243389314554;0,008658188594659322;-0,0022743756150142226;0,11542065014015729;0,6046378381450699;0,2689912099968402;0,07755928507533727;4,984872245054012e-27;0,4844288418423155
ALLE;0,0032374966084025066;0,0005086199173339818;0,3560083576651482;0,011280134650188142;-0,0039284002286572245;2,8458333152546905e-05;0,7048252419924568;0,0719281791193926;0,045559523174966594;5,083998417426536e-36;0,6059325999843843
FFIV;0,0002147428124702004;0,004638866154863615;-0,04354867368590541;0,00830592531068848;-0,0008605892139117489;0,7890546018451171;0,0012924399793497183;0,7089836761637087;0,8167012273986329;1,7530843624089604e-21;0,4431130436278764
HII;0,005294629930034599;-0,0006096723804770934;0,07807986491500868;0,007611016001175739;-0,002283039428159278;7,020781404110383e-11;0,6553638394947233;0,3026303240147116;0,6649523665991997;4,749795352005641e-20;0,4525557359064971
UDR;0,004810500855379399;-0,0001678330666203872;0,3239241147276545;0,011786510686107091;-0,004994186483803796;1,683217517305276e-08;0,9080751846852839;0,03487378081152707;0,09244276388608334;2,400631097876083e-34;0,5979068062017472
LW;0,006126963492464659;0,001749059958346534;-0,08053414381782312;0,010981034878638454;-0,0016622055696159657;2,406608476029226e-08;0,35101691885338726;0,5839688330537116;0,7446825375982257;1,257519179159858e-21;0,4586050867525352
QRVO;-0,00010134703503025058;0,00428768141175148;-0,3988793261290551;0,010746190233016768;-0,0017108758527027389;0,9055462012164956;0,005057369920279607;0,48584318975722196;0,04708775172323777;1,48557285386719e-28;0,5139304787902652
NI;0,0037720356803721427;-0,004271534775334059;0,1178626908309637;0,008547546594928079;-0,002841914884485329;1,6642695526904684e-07;0,0006543204653420212;0,15659101039466244;0,47010971385819555;1,4943978784106534e-27;0,503099713508083
CPT;0,0030808522270244303;-0,0012160660590539267;-0,09897657164822586;0,011523848377416667;-0,002973963496402273;8,132468828196306e-05;0,37179507372268006;0,17803140605158088;0,5815719752087654;2,0599522614900244e-36;0,5800292965062741
TECH;-0,005230177157463852;0,0032308878964132292;0,2219191330708828;0,009792349906944373;-0,0013361098978737446;5,0143100299087684e-08;0,049911153534257825;0,6150780944910634;0,3058803214380174;3,1310448296515227e-22;0,4829868407275696
APA;0,018849369416054522;0,010616178533864188;-0,847965016410807;0,018788004988223132;-0,001132823825719255;1,8979210019228375e-16;0,004825892673881715;0,8512671384886048;0,08612354448024581;3,4715143955015304e-17;0,4950211400369833
AOS;0,0024567542567123578;0,0018711134242905476;0,372819682842538;0,00933909402528986;-0,0010001700758361617;0,0010978902619319547;0,156538121341582;0,6393475566915728;0,03299000775373684;1,5932680284311406e-28;0,5368570939380637
BBWI;0,007413688518421138;0,005340624733468718;-0,355901409131354;0,0178721080315598;0,0016484163669608037;1,8490988061094898e-05;0,07631264922510266;0,7345809990153995;0,3694392879668431;3,8548072464399965e-22;0,451429796500739
MOS;0,011410758189355214;0,007568458222269649;-0,35870955660498094;0,010722275712130084;0,00043462962811998654;4,946176116750541e-16;0,0011383215561597652;0,906952504418345;0,23728777390829614;2,7123637708037166e-15;0,48058752787483816
UHS;0,005860143347694892;0,0008217930334662627;0,37381729259329577;0,012174322894208748;-0,004060888562428404;1,0441931156568356e-08;0,6374561684884046;0,15142029046566674;0,1053642329479699;6,367037605074681e-28;0,5422582777283269
CTLT;-0,004028963972606748;0,0023262377008424905;-0,1936400540703111;0,012702184169619107;-0,003525594156248183;0,019546974333470118;0,44443715768489955;0,47421512560824375;0,6294421258974854;7,377616068423651e-13;0,26757820330262705
INCY;-0,001744097761263533;-0,0004147682486716694;-0,008505308138108807;0,005321768274844919;-0,0030730819073755324;0,07064149798430436;0,8077221715309227;0,26628356613523896;0,9698361291654568;3,6798975008704e-08;0,16168691210304675
TFX;-0,00013541914026805914;0,0018721922921552303;0,10296914580952438;0,010851874555788692;-0,004958551133439384;0,8816293504508471;0,24650496824272566;0,05877954861750129;0,6286881459067587;1,77906177332599e-26;0,47769071701092425
WYNN;0,00685707821660049;0,006631077318558515;-0,8477399873976891;0,017130395459077085;-0,003903918684116907;1,4963229269696023e-06;0,007442525726528021;0,3269442622277856;0,009492668880731234;7,072967807192931e-28;0,5329090917962497
HRL;-0,000491957920036716;-0,0010540937690292677;0,07425310708690018;0,0018532511910119567;-0,0026094041791307377;0,5168423360454963;0,4336526046731226;0,23190544128500337;0,675872194660987;0,01232737075415433;0,03651682386791788
TPR;0,007876578567805192;0,011194584695988453;0,22209993002393716;0,014690061480366159;-0,0030416374537858447;2,956479105616514e-11;5,686275052416368e-08;0,3453904716049655;0,39772606001402433;3,1029592760826964e-30;0,6307095405496987
PAYC;-0,0031300338205920188;0,0063098344659209705;-0,021196910937550533;0,013266823024453719;-0,004370475401161464;0,03194179456127815;0,014918941647506742;0,2949873192633949;0,9502336215981149;8,215601161913053e-18;0,38251881548545985
NWSA;0,0036363898519841333;0,007818539040417495;0,4101576574046123;0,008540527142820088;-0,0009601002386062824;4,076428371928021e-05;8,296746019224964e-07;0,7002384612989467;0,0445664255488848;6,507500217752294e-20;0,5078617211323746
REG;0,0102578400246398;0,0030579678329078056;0,3439883064325866;0,012102282681909111;-0,004067796803623012;1,6516304630732789e-21;0,07344353177203372;0,14100774887925382;0,1266890922051285;1,1736407606548953e-28;0,6269102452520701
DAY;-0,0023588372973304115;0,006682076236112719;-0,22032961411784344;0,014215735824852528;-0,002808506767188211;0,04318354760989396;0,0013505961301276215;0,4000301047459327;0,4177984861914138;1,7641722088916646e-27;0,5171098709643853
AIZ;0,006025041822134392;-0,000459502259302377;-0,10975183030930581;0,008297259930914899;-0,0008093832659866287;1,4199311253462099e-14;0,7215345791128791;0,6983178387682089;0,519086452885245;7,867425126102435e-25;0,5248832315668994
HSIC;0,0044385039367133075;-0,0009007679805943743;0,005367234519644974;0,009130740783849251;-0,001915259896494591;7,809841388893126e-08;0,5242691714129553;0,4033571091797584;0,9770544798242565;5,97112139506636e-25;0,4810829241877409
MTCH;-0,005551946611157629;0,003500929944021041;0,1775430443345578;0,01387762981665765;-0,007733957271065845;3,630138156070376e-05;0,13476876107258248;0,041845453258334435;0,564620538391608;4,368198225131447e-22;0,4508395720493601
GL;0,008545630412613017;0,0010063295071460149;-0,1170434693469026;0,009560025384644044;-0,0017434601844130762;9,995138822590824e-35;0,32088442366344117;0,28841662684156333;0,38159059385808614;6,865373960446954e-42;0,7396839055935005
CZR;0,009630699252437933;0,011041243453710227;-0,7346930289102581;0,03084317575707048;-0,006427094557344706;2,0249681884873582e-07;0,0006165608572187593;0,2126930484102756;0,08099346431689126;2,322199941172998e-43;0,6789941848457391
AAL;0,011675530099528025;0,008641457401477131;-0,10874090932892407;0,017511545738760376;-0,007788866292130172;8,020096617598744e-12;0,0027667305785453304;0,09334942542049136;0,773002677362727;4,0136149520355504e-23;0,5279640753525193
BXP;0,010392741257712649;0,003909240652076226;0,30167230087233393;0,01136527382845228;-0,007347587853673035;6,395433144455792e-23;0,018740655970193875;0,006499100556427333;0,16742613308391713;2,4379115502960066e-27;0,6286269497436092
CPB;-0,0004994668187984985;-0,005530283598250813;0,07731136793920237;0,0023605611144601494;-0,0017201060601772223;0,5168831286705331;7,17089337875919e-05;0,43721225196181124;0,6681184330288614;0,0017726735813277726;0,09904681970463658
MKTX;-0,005320814063010228;-0,0006951918714444823;-0,20883535129642422;0,007842167438982403;-0,0024528364413609425;2,4633022317546406e-06;0,7213209341634544;0,43741477815005525;0,41718674269179257;4,012837838429595e-12;0,28324069911067284
CHRW;0,0009554796553499163;0,0008750293609496237;-0,07775071240496927;0,00556932244428607;-0,0008885291146104242;0,2712782215690639;0,5695604125818661;0,7213743701895382;0,701761843057618;2,8258770426186555e-10;0,20699028367847871
PNW;0,0034184864790551242;-0,0033470837097951023;-0,0585282318285045;0,009588159792738232;-0,0034187469577837753;7,086940771589276e-05;0,026198920589996535;0,15937759876776147;0,76698743062178;1,1457402234574782e-24;0,44460368952205676
GNRC;-0,004473858566752807;0,007086159567118922;0,2747402133362619;0,013652013680144959;-0,0028827279615813114;0,003164722261744102;0,008256446748616166;0,5036269763279302;0,43419373552198137;1,0877472408690701e-17;0,40056562653811667
BWA;0,006101278845177213;0,003578528420200925;-0,40485821797154337;0,01193880315855773;-0,002339733838485057;6,40024194197186e-11;0,02351556524734025;0,35801895111165805;0,05180972716511423;1,833184680257594e-31;0,5852210541800422
NCLH;0,012999389166534663;0,017365148028897166;-1,4373824497414303;0,022851424544878596;-0,006768531796094009;4,5040953225192066e-10;1,6531248275148479e-06;0,23625652212374937;0,0022393380901724554;4,062902580170884e-25;0,5605411059330886
RHI;0,004409926727038604;0,002418013652412833;0,33762800791383624;0,010633306223974882;-0,002220344491368063;2,3839685705817681e-07;0,0998309796337493;0,34973750342816556;0,08180362153477673;1,6684858392104332e-29;0,5637014290801841
ETSY;-0,009458229932956998;0,009076920797684636;-0,5441883593434332;0,01799912834613438;0,0004378274664105824;2,729769418840959e-08;0,002009970220578326;0,925845551023879;0,15673326271218244;1,7251562203111194e-23;0,5020308353674914
FOXA;0,006086628167209693;0,00101571147595477;-0,2445073007760486;0,008082328579384252;-0,0027257331610868285;1,4175378243276686e-11;0,5011477508934878;0,265508121707962;0,22045498470552702;7,07903580413681e-19;0,4452245276961212
BEN;0,005061135869377365;0,008758166879624996;-0,15136155434644158;0,010336491685200237;-0,0017663612703470487;1,771934112619055e-08;3,67044399621964e-08;0,4767746948715399;0,45437307562044227;1,379917174969895e-26;0,5830654483767672
IVZ;0,00862718676340311;0,008287602066692693;0,2171950964522847;0,013971765042559103;-0,004389618803299966;1,4455712894227167e-17;8,789628193501999e-07;0,09867206235072878;0,3149966869725255;8,25310740543771e-37;0,6910052346645246
FMC;0,004940046100166648;0,002083081164305942;0,3139452268398087;0,010121040815741573;-0,005954636264799855;3,322109015440054e-07;0,21091525696763624;0,02786962545870378;0,1533692847540826;6,818760546702818e-23;0,4847440742707978
FRT;0,009175592743278154;0,005872901857495892;0,2440414800988288;0,011512567198082425;-0,004987955592293499;3,909455833989618e-20;0,000280305329981185;0,053924000323659065;0,245794174241472;2,245679836756502e-29;0,6402991389152739
HAS;0,0034897400762080558;0,00282580728826414;-0,17154848910928838;0,011598154432612159;-0,006005981688045807;0,0011782527371179167;0,13454672749826627;0,05002082830479697;0,49033065764724726;2,8312988847023597e-23;0,44978708271062695
DVA;0,003204568117121614;0,0007357705605057268;-0,13443905552486987;0,007466191135470428;-9,476086510335192e-05;0,005112411794546938;0,7144166315839517;0,9767828944253808;0,6124949170404461;1,0863035021235148e-10;0,2323290246106351
CMA;0,013690748825970916;0,0072482928303742155;0,2915153105129289;0,012812402983682965;-0,005703684473506179;2,4534783329222597e-31;4,9045240972440544e-05;0,04514837446742534;0,20759175163211874;7,239014074434995e-30;0,6957017249971007
BIO;-0,005572857110539835;-0,0018387224523315334;0,06120161269123391;0,008820888067359488;-0,0029077355077341675;1,3704229019328157e-07;0,3108768903358968;0,32242407904385406;0,7980557010505805;2,6445116909638466e-16;0,36104150323251416
RL;0,006997684111561732;0,006553325379555354;0,10210321571168525;0,01206454994331061;-0,0025851439170230766;7,2382033778052125e-12;0,0001626621165047895;0,3504637994809877;0,6506102094282696;2,1792277864533046e-28;0,5921241139498026
MHK;0,008778079900656585;0,004437305811481233;-0,05008415420439812;0,016618886780148334;-0,0054274748947404005;2,601915979279235e-10;0,05936879195982027;0,15371709680930176;0,8713522354179983;1,5236668378893346e-28;0,5579653004004759
